type_localisation,code_localisation,nom_localisation,composition,surface_ic,surface_(ha),volume_(m3),volume_(m3∙ha-1),carbone_(tC),carbone_(tC∙ha-1),bois_mort_volume_(m3),bois_mort_volume_(m3∙ha-1),bois_mort_carbone_(tC),bois_mort_carbone_(tC∙ha-1),production_volume_(m3∙an-1),production_volume_(m3∙ha-1∙an-1),production_carbone_(tC∙an-1),production_carbone_(tC∙ha-1∙an-1),prelevement_volume_(m3∙an-1),prelevement_volume_(m3∙ha-1∙an-1),prelevements_carbone_(tC∙an-1),prelevement_carbone_(tC∙ha-1∙an-1),mortalite_volume_(m3∙an-1),mortalite_volume_(m3∙ha-1∙an-1),mortalite_carbone_(tC∙an-1),mortalite_carbone_(tC∙ha-1∙an-1),bilan_volume_(m3∙an-1),bilan_volume_(m3∙ha-1∙an-1),bilan_carbone_(tC∙an-1),bilan_carbone_(tC∙ha-1∙an-1),fexp_vol_carb
groupeser,A1,Grand_ouest_1,Conifere,s,50594.5,12630504.15,245.08,4028991.43,78.16,1115286.56,20.46,294084.86,5.34,662136.96,12.47,205677.53,3.89,772114.05,11.22,232186.76,3.36,90975.07,1.35,29020.04,0.43,-200952.16,-0.09,-55529.27,0.1,0.32
groupeser,A1,Grand_ouest_1,Feuillu,s,321799.42,58524037.18,182.17,30919524.32,96.23,5809222.55,18.2,1992184.89,6.24,1768603.89,5.52,902617.27,2.81,516659.12,1.86,270714.53,0.97,136904.62,0.49,72329.69,0.26,1115040.15,3.17,559573.04,1.58,0.53
groupeser,A1,Grand_ouest_1,Mixte,s,37911.01,10469655.76,282.8,4068068.6,109.44,1015204.13,29.65,274022.51,7.85,373251.23,9.85,138216.28,3.65,208874.87,4.71,71780.08,1.65,42914.68,1.23,16674.84,0.48,121461.69,3.91,49761.35,1.52,0.39
groupeser,AX,Grand_ouest_2_et_3,Conifere,s,38688.66,8352487.41,210.88,3090022.11,77.98,857426.06,22.34,232488.36,5.97,337940.44,8.74,123900.38,3.21,291749.05,8.01,108180.74,2.99,21066.4,0.54,7793.56,0.2,25124.99,0.2,7926.07,0.02,0.37
groupeser,AX,Grand_ouest_2_et_3,Feuillu,s,189921.09,31344795.68,164.91,16675203.93,87.55,3172754.38,16.61,1117025.14,5.89,1052674.14,5.53,540070.28,2.84,340415.48,1.95,176762.38,1.01,107296.4,0.6,57080.9,0.32,604962.26,2.98,306227,1.5,0.53
groupeser,AX,Grand_ouest_2_et_3,Mixte,s,25471.8,5416251.59,206.32,2307538.82,89.21,486013.46,20.02,174049.16,7.2,195857.5,7.6,81301.96,3.19,55043.79,1.89,25207.57,0.88,11762.69,0.42,5011.37,0.18,129051.02,5.29,51083.02,2.14,0.43
groupeser,B3,Centre_nord_semi_oceanique_3,Conifere,s,31458.99,7551062.12,243.64,2487211.84,80.28,202320.44,6.23,49790.53,1.53,346996.16,11.47,112926.54,3.72,232243.84,10.1,75445.09,3.24,8286.01,0.32,2729.29,0.1,106466.31,1.05,34752.16,0.38,0.33
groupeser,B3,Centre_nord_semi_oceanique_3,Feuillu,s,259219.41,53949768.65,208.34,27619649.69,106.67,3952642.9,15.42,1320068.26,5.14,1478922.51,5.69,755025.3,2.9,889573.31,3.24,457191.19,1.66,72201.71,0.26,36963.75,0.13,517147.49,2.18,260870.35,1.11,0.51
groupeser,B3,Centre_nord_semi_oceanique_3,Mixte,n.s,NA,NA,NA,NA,NA,NA,NA,NA,NA,NA,NA,NA,NA,NA,NA,NA,NA,NA,NA,NA,NA,NA,NA,NA,NA,NA
groupeser,B4,Centre_nord_semi_oceanique_4,Conifere,s,35438.36,5821183.25,162.06,2106897.99,58.67,1033529.71,26.85,251554.36,6.49,217651.17,6.13,80704.73,2.26,99573,3.3,34111.21,1.12,8381.4,0.33,3033.53,0.12,109696.77,2.5,43559.99,1.01,0.36
groupeser,B4,Centre_nord_semi_oceanique_4,Feuillu,s,541066.86,105598923.1,195.28,53777100.47,99.46,12732362.83,23.49,4201453.48,7.75,3072382.78,5.69,1527771.76,2.83,1170820.25,2.35,605164.14,1.21,331867.7,0.67,169006.3,0.34,1569694.82,2.68,753601.33,1.28,0.51
groupeser,B4,Centre_nord_semi_oceanique_4,Mixte,s,30376.88,3962468.46,135.07,1711608.92,58.41,1312915.7,42.53,340231.34,11.02,117617.83,3.96,50834.06,1.72,49915.36,1.81,18488.7,0.68,16759.53,0.49,7239.36,0.21,50942.94,1.66,25105.99,0.82,0.43
groupeser,B5,Centre_nord_semi_oceanique_5,Conifere,n.s,NA,NA,NA,NA,NA,NA,NA,NA,NA,NA,NA,NA,NA,NA,NA,NA,NA,NA,NA,NA,NA,NA,NA,NA,NA,NA
groupeser,B5,Centre_nord_semi_oceanique_5,Feuillu,s,412584.72,89947232.71,218.47,45563219.95,110.64,10109406.08,24.59,3247385.29,7.88,2470121.17,6.02,1248158.14,3.04,1274599.93,3.29,629819.66,1.62,228268.67,0.59,115630.63,0.3,967252.58,2.14,502707.85,1.12,0.51
groupeser,B5,Centre_nord_semi_oceanique_5,Mixte,n.s,NA,NA,NA,NA,NA,NA,NA,NA,NA,NA,NA,NA,NA,NA,NA,NA,NA,NA,NA,NA,NA,NA,NA,NA,NA,NA
groupeser,B6,Centre_nord_semi_oceanique_6,Conifere,s,63774.53,13722382.92,216.21,5103517.62,80.43,860505.85,13.85,213100.33,3.42,686995.03,10.77,251061.84,3.94,578593.71,8.7,213904.62,3.22,18812.7,0.32,6996.67,0.12,89588.62,1.75,30160.55,0.6,0.37
groupeser,B6,Centre_nord_semi_oceanique_6,Feuillu,s,235185.28,45485999,193.69,23098365.89,98.38,4582267.14,19.37,1648731.04,6.95,1413994.92,6.04,705329.16,3.01,634679.91,2.95,292053.67,1.35,156292.24,0.71,79367.18,0.36,623022.77,2.38,333908.32,1.3,0.51
groupeser,B6,Centre_nord_semi_oceanique_6,Mixte,n.s,NA,NA,NA,NA,NA,NA,NA,NA,NA,NA,NA,NA,NA,NA,NA,NA,NA,NA,NA,NA,NA,NA,NA,NA,NA,NA
groupeser,B7,Centre_nord_semi_oceanique_7,Conifere,s,58849.12,13466611.18,228.74,4703915.08,79.88,675040.44,11.49,168481.34,2.88,462575.42,7.81,163961.13,2.76,331920.17,4.83,117846.22,1.71,28281.64,0.43,9878.84,0.15,102373.61,2.55,36236.06,0.9,0.35
groupeser,B7,Centre_nord_semi_oceanique_7,Feuillu,s,228217.63,34230384.93,150.2,17873012.05,78.44,3647412.53,15.99,1213442.64,5.32,1042545.8,4.55,520520,2.27,566404.15,2.18,278885.16,1.07,202432.39,0.78,105697.8,0.41,273709.27,1.59,135937.03,0.79,0.52
groupeser,B7,Centre_nord_semi_oceanique_7,Mixte,s,54646.22,11110216.37,203.02,4714928.49,86.16,873828.7,15.89,253226.31,4.58,349035.67,6.42,145102.73,2.66,105221.18,3.26,42307.96,1.31,22746.44,0.74,9653.08,0.32,221068.06,2.42,93141.7,1.03,0.42
groupeser,B8,Centre_nord_semi_oceanique_8,Conifere,n.s,NA,NA,NA,NA,NA,NA,NA,NA,NA,NA,NA,NA,NA,NA,NA,NA,NA,NA,NA,NA,NA,NA,NA,NA,NA,NA
groupeser,B8,Centre_nord_semi_oceanique_8,Feuillu,s,162425.77,25426040.04,156.41,13727048.1,84.5,3839056.83,23.61,1379607.58,8.47,834317.82,5.13,447249.4,2.75,283158.16,1.89,150581.3,1,120941.88,0.8,65294.28,0.43,430217.78,2.45,231373.82,1.32,0.54
groupeser,B8,Centre_nord_semi_oceanique_8,Mixte,n.s,NA,NA,NA,NA,NA,NA,NA,NA,NA,NA,NA,NA,NA,NA,NA,NA,NA,NA,NA,NA,NA,NA,NA,NA,NA,NA
groupeser,B9,Centre_nord_semi_oceanique_9,Conifere,n.s,NA,NA,NA,NA,NA,NA,NA,NA,NA,NA,NA,NA,NA,NA,NA,NA,NA,NA,NA,NA,NA,NA,NA,NA,NA,NA
groupeser,B9,Centre_nord_semi_oceanique_9,Feuillu,s,236186.85,48871764.52,207.44,24986523.52,106.03,5595251.53,23.51,1836300.45,7.7,1210526.28,5.14,622796.95,2.65,679158.55,2.69,354163.71,1.41,190393.48,0.75,97341.92,0.39,340974.25,1.69,171291.32,0.85,0.51
groupeser,B9,Centre_nord_semi_oceanique_9,Mixte,n.s,NA,NA,NA,NA,NA,NA,NA,NA,NA,NA,NA,NA,NA,NA,NA,NA,NA,NA,NA,NA,NA,NA,NA,NA,NA,NA
groupeser,BX,Centre_nord_semi_oceanique_1_et_2,Conifere,n.s,NA,NA,NA,NA,NA,NA,NA,NA,NA,NA,NA,NA,NA,NA,NA,NA,NA,NA,NA,NA,NA,NA,NA,NA,NA,NA
groupeser,BX,Centre_nord_semi_oceanique_1_et_2,Feuillu,s,281332.05,52112072.44,185.26,27882846.97,99.18,3736931.01,13.22,1277949.37,4.51,1620131.78,5.78,832067.02,2.97,1156041.07,4.41,604833.11,2.31,116237.04,0.44,62193.26,0.24,347853.67,0.93,165040.65,0.42,0.54
groupeser,BX,Centre_nord_semi_oceanique_1_et_2,Mixte,n.s,NA,NA,NA,NA,NA,NA,NA,NA,NA,NA,NA,NA,NA,NA,NA,NA,NA,NA,NA,NA,NA,NA,NA,NA,NA,NA
groupeser,C1,Grand_est_semi_continental_1,Conifere,s,24425.63,8264292.22,345.1,2322567.87,96.81,516887.98,19.11,120142.16,4.44,291760.78,12.2,79767.14,3.35,465195.89,20.29,125249.29,5.51,257.81,0.02,72.45,0,-173692.92,-8.11,-45554.6,-2.17,0.28
groupeser,C1,Grand_est_semi_continental_1,Feuillu,s,91060.24,18038442.08,197.17,9504736.26,103.77,1315422.61,14.56,452243.03,5.01,510856.2,5.57,265978.03,2.9,435758.54,4.76,222374.9,2.43,39742.37,0.46,20940.87,0.24,35355.3,0.35,22662.26,0.23,0.53
groupeser,C1,Grand_est_semi_continental_1,Mixte,n.s,NA,NA,NA,NA,NA,NA,NA,NA,NA,NA,NA,NA,NA,NA,NA,NA,NA,NA,NA,NA,NA,NA,NA,NA,NA,NA
groupeser,C2,Grand_est_semi_continental_2,Conifere,s,57404.83,15492787.47,269.34,4843277.88,84.31,1902750.12,34.69,468052.25,8.59,648085.88,11.22,199143.95,3.45,597693.13,10.13,185579.51,3.12,87841.81,1.65,27460.67,0.52,-37449.05,-0.56,-13896.23,-0.19,0.31
groupeser,C2,Grand_est_semi_continental_2,Feuillu,s,913418.09,154580773.8,169.09,82931243.28,90.72,19856376.63,21.8,6588006.96,7.23,4131741.15,4.52,2196921.24,2.41,2134367.16,2.39,1184529.18,1.33,507067.06,0.57,272037.07,0.3,1490306.93,1.57,740354.99,0.78,0.54
groupeser,C2,Grand_est_semi_continental_2,Mixte,s,103417.33,22025043.76,212.88,8905091.77,86.05,2745179.56,26.49,785346.08,7.57,675625.09,6.62,264271.74,2.58,377090.9,4.43,135130.79,1.59,98324.49,1.17,39754.23,0.47,200209.7,1.02,89386.72,0.52,0.4
groupeser,C3,Grand_est_semi_continental_3,Conifere,n.s,NA,NA,NA,NA,NA,NA,NA,NA,NA,NA,NA,NA,NA,NA,NA,NA,NA,NA,NA,NA,NA,NA,NA,NA,NA,NA
groupeser,C3,Grand_est_semi_continental_3,Feuillu,s,312030.49,68974875.59,221.56,35841079.3,115.12,6065325.95,19.59,2049613.2,6.62,1759567.81,5.65,902361.07,2.89,1377467.02,4.55,722278.05,2.38,171413.14,0.57,89070.57,0.3,210687.66,0.53,91012.45,0.21,0.52
groupeser,C3,Grand_est_semi_continental_3,Mixte,n.s,NA,NA,NA,NA,NA,NA,NA,NA,NA,NA,NA,NA,NA,NA,NA,NA,NA,NA,NA,NA,NA,NA,NA,NA,NA,NA
groupeser,C4,Grand_est_semi_continental_4,Conifere,n.s,NA,NA,NA,NA,NA,NA,NA,NA,NA,NA,NA,NA,NA,NA,NA,NA,NA,NA,NA,NA,NA,NA,NA,NA,NA,NA
groupeser,C4,Grand_est_semi_continental_4,Feuillu,s,103259.46,21129334.88,204.52,10648365.17,103.23,3822120.31,36.26,1194526.53,11.33,613880.59,5.9,306300.05,2.95,380642.73,3.72,198907.71,1.95,119622.9,1.14,60285.3,0.57,113614.96,1.04,47107.04,0.43,0.5
groupeser,C4,Grand_est_semi_continental_4,Mixte,n.s,NA,NA,NA,NA,NA,NA,NA,NA,NA,NA,NA,NA,NA,NA,NA,NA,NA,NA,NA,NA,NA,NA,NA,NA,NA,NA
groupeser,C5,Grand_est_semi_continental_5,Conifere,n.s,NA,NA,NA,NA,NA,NA,NA,NA,NA,NA,NA,NA,NA,NA,NA,NA,NA,NA,NA,NA,NA,NA,NA,NA,NA,NA
groupeser,C5,Grand_est_semi_continental_5,Feuillu,s,408899.8,84232452.2,205.99,42828603.74,104.78,13825833,33.61,4967630.95,12.09,2698832.45,6.61,1351263.99,3.31,1610882.4,4.11,800147.11,2.04,428787.84,1.09,218020.3,0.55,659162.21,1.42,333096.58,0.72,0.51
groupeser,C5,Grand_est_semi_continental_5,Mixte,n.s,NA,NA,NA,NA,NA,NA,NA,NA,NA,NA,NA,NA,NA,NA,NA,NA,NA,NA,NA,NA,NA,NA,NA,NA,NA,NA
groupeser,D1,Vosges,Conifere,s,174047.92,66342320.72,380.01,19840043.31,113.64,8216625.24,47.17,1799613,10.32,2227097.95,12.73,667946.39,3.82,2003907.97,10.07,584591.71,2.93,314088.03,1.54,93929.79,0.46,-90898.06,1.12,-10575.11,0.43,0.3
groupeser,D1,Vosges,Feuillu,s,237519.39,52168554.2,219.46,25758448.93,108.36,7937330.59,33.18,2520684.66,10.53,1528821.59,6.43,743934.73,3.13,907457.2,3.86,459657.85,1.95,226177.87,0.96,111676.3,0.47,395186.52,1.61,172600.58,0.71,0.49
groupeser,D1,Vosges,Mixte,s,148801.51,46954289.42,313.77,17543334.78,117.3,7319213.71,48.8,1864353.06,12.4,1423807.97,9.62,518277.74,3.51,768380.47,6.07,279731.8,2.23,176675.6,1.23,66010.57,0.46,478751.9,2.32,172535.37,0.81,0.37
groupeser,E1,Jura_1,Conifere,n.s,NA,NA,NA,NA,NA,NA,NA,NA,NA,NA,NA,NA,NA,NA,NA,NA,NA,NA,NA,NA,NA,NA,NA,NA,NA,NA
groupeser,E1,Jura_1,Feuillu,s,200011.86,37283162.58,186.17,19327869.93,96.48,5445753.45,27.22,1908524.74,9.54,972031.35,4.86,500447.65,2.5,272805.38,1.45,147904.14,0.78,163014.55,0.87,84507.96,0.45,536211.43,2.54,268035.55,1.27,0.52
groupeser,E1,Jura_1,Mixte,s,48321.48,13468813.28,281.24,4725918.59,99,1510094.28,31.16,391708.33,8.13,494797.1,10.48,169419.17,3.59,223108.2,5.79,76139.04,1.99,69519.91,1.72,24393.05,0.6,202168.99,2.96,68887.08,0.99,0.35
groupeser,E2,Jura_2,Conifere,s,88530.21,38342521.88,434.37,10979331.43,124.21,3698083.97,41.71,752931.68,8.49,1088024.13,12.39,309528.03,3.52,686976.35,10.44,204500.95,3.1,81095.07,1.2,23221.47,0.34,319952.71,0.75,81805.61,0.08,0.29
groupeser,E2,Jura_2,Feuillu,s,49450.52,11328873.48,225.58,5440931.66,109.07,1446332.79,29.01,471040.28,9.41,230817.08,4.6,109121,2.2,100425.05,1.89,49167.85,0.93,48930.8,0.85,23500.05,0.41,81461.23,1.86,36453.1,0.86,0.48
groupeser,E2,Jura_2,Mixte,s,109679.96,32301307.14,293.82,11191459.36,101.91,4707543.54,42.33,1105097.78,9.93,956327.73,8.7,325698.32,2.97,694109.39,6.53,257805.68,2.4,96089.36,0.85,33292.16,0.29,166128.98,1.32,34600.49,0.27,0.35
groupeser,F1,Sud_ouest_oceanique_1,Conifere,s,28054.03,5009204.96,183.42,1888408.11,68.98,394740.97,14.61,104583.36,3.92,220177.03,7.78,82837.71,2.92,40048.46,1.58,14258.01,0.56,15842.72,0.52,5972.51,0.2,164285.85,5.68,62607.19,2.16,0.38
groupeser,F1,Sud_ouest_oceanique_1,Feuillu,s,371864.3,61479377.88,165.56,33109551.81,89.15,16555338.13,44.66,5634467.35,15.18,2198546.8,5.92,1137949.45,3.07,1132299.36,3.05,559631.36,1.51,352813.19,0.95,190006.59,0.51,713434.25,1.93,388311.5,1.05,0.54
groupeser,F1,Sud_ouest_oceanique_1,Mixte,s,34701.57,8017379.03,229.05,3527310.08,100.74,1179757.56,33.04,354566.93,10.04,237216.53,6.78,101398.47,2.89,83399.59,3.49,36379.58,1.53,16603.36,0.64,7304.78,0.28,137213.58,2.65,57714.1,1.08,0.44
groupeser,F2,Sud_ouest_oceanique_2,Conifere,s,572224.32,75855550.4,132.66,29021863.97,50.75,3755351.4,6.59,950964.89,1.67,5525777,9.69,2148596.8,3.77,4857666.61,8.88,1837788.61,3.36,66831.59,0.12,25569.35,0.05,601278.79,0.69,285238.84,0.36,0.38
groupeser,F2,Sud_ouest_oceanique_2,Feuillu,s,183807.18,23271782.44,126.35,12470497,67.87,4774375.37,25.48,1597544.25,8.55,915553.44,4.96,479726.23,2.6,359486.75,1.97,172566.82,0.94,115752.62,0.63,62027.6,0.34,440314.07,2.36,245131.81,1.32,0.54
groupeser,F2,Sud_ouest_oceanique_2,Mixte,s,71264,10817063.74,153.88,4930534.76,70.16,1478443.43,19.76,422702.57,5.69,461334.58,6.43,204211.85,2.84,268135.8,3.01,119569.58,1.35,35539.67,0.4,16199.37,0.18,157659.1,3.02,68442.9,1.31,0.46
groupeser,F3,Sud_ouest_oceanique_3,Conifere,n.s,NA,NA,NA,NA,NA,NA,NA,NA,NA,NA,NA,NA,NA,NA,NA,NA,NA,NA,NA,NA,NA,NA,NA,NA,NA,NA
groupeser,F3,Sud_ouest_oceanique_3,Feuillu,s,331469.76,55526195.99,167.08,30479326.64,91.76,7205424.26,21.65,2756720.64,8.29,1645956.88,4.94,883737.24,2.65,393560.5,1.2,217182.4,0.66,261204.01,0.81,143379.57,0.45,991192.37,2.92,523175.27,1.54,0.55
groupeser,F3,Sud_ouest_oceanique_3,Mixte,n.s,NA,NA,NA,NA,NA,NA,NA,NA,NA,NA,NA,NA,NA,NA,NA,NA,NA,NA,NA,NA,NA,NA,NA,NA,NA,NA
groupeser,F4,Sud_ouest_oceanique_4,Conifere,n.s,NA,NA,NA,NA,NA,NA,NA,NA,NA,NA,NA,NA,NA,NA,NA,NA,NA,NA,NA,NA,NA,NA,NA,NA,NA,NA
groupeser,F4,Sud_ouest_oceanique_4,Feuillu,s,258076.1,23844719.96,92.36,14869660.18,57.59,2294179.92,8.8,1047174.04,4,515350.09,2,318011.73,1.23,141413.25,0.58,76875.63,0.32,99051.93,0.4,61769.17,0.25,274884.92,1.02,179366.93,0.67,0.62
groupeser,F4,Sud_ouest_oceanique_4,Mixte,n.s,NA,NA,NA,NA,NA,NA,NA,NA,NA,NA,NA,NA,NA,NA,NA,NA,NA,NA,NA,NA,NA,NA,NA,NA,NA,NA
groupeser,F5,Sud_ouest_oceanique_5,Conifere,n.s,NA,NA,NA,NA,NA,NA,NA,NA,NA,NA,NA,NA,NA,NA,NA,NA,NA,NA,NA,NA,NA,NA,NA,NA,NA,NA
groupeser,F5,Sud_ouest_oceanique_5,Feuillu,s,155491.48,27262446.5,175.76,14735848.71,95.01,3793380.49,24.49,1368632.25,8.84,857774.85,5.51,436299.94,2.81,296161.36,1.83,152849.33,0.94,105340.79,0.65,56938.61,0.35,456272.7,3.03,226511.99,1.51,0.54
groupeser,F5,Sud_ouest_oceanique_5,Mixte,n.s,NA,NA,NA,NA,NA,NA,NA,NA,NA,NA,NA,NA,NA,NA,NA,NA,NA,NA,NA,NA,NA,NA,NA,NA,NA,NA
groupeser,G1,Massif_central_1,Conifere,s,94972.75,27673465.6,290.74,8619328.7,90.59,2454452.48,25.8,563374.74,5.92,1358302.78,14.52,415353.72,4.44,1078665.18,14.11,323878.27,4.23,65987.74,0.8,20552.9,0.25,213649.86,-0.39,70922.55,-0.05,0.31
groupeser,G1,Massif_central_1,Feuillu,s,449199.03,91696682.18,204.5,47592085.49,106.12,15500743.46,34.51,5160043.72,11.47,2852560.99,6.34,1421165.59,3.16,1168724.52,2.52,564443.71,1.22,475836.52,1.02,246966.98,0.53,1207999.95,2.8,609754.91,1.41,0.52
groupeser,G1,Massif_central_1,Mixte,s,65593.09,18363747.18,280.73,7407501.41,112.73,2970446.33,45.71,849121.6,13.07,658771.2,10.18,244835.69,3.78,321201.09,5.2,106270.74,1.72,47979.5,0.73,19353.8,0.3,289590.6,4.25,119211.15,1.77,0.4
groupeser,G2,Massif_central_2,Conifere,s,305788.34,108322910.3,354.39,32849928.9,107.5,14915535.75,49.44,3317307.88,10.98,4156600.46,13.58,1244811.6,4.07,3591100.1,11.65,1081904.67,3.51,301309.57,0.97,91374.93,0.3,264190.79,0.96,71532,0.26,0.3
groupeser,G2,Massif_central_2,Feuillu,s,266080.66,53753112.05,202.39,27994537.04,105.43,8653102.63,32.51,2707443.96,10.19,1311929.78,4.94,667911.76,2.52,505757.24,1.93,247075.01,0.94,187199.82,0.7,97493.38,0.36,618972.73,2.32,323343.37,1.21,0.52
groupeser,G2,Massif_central_2,Mixte,s,137686.62,32592175.82,236.59,12923064.69,93.8,5959234.78,43.69,1694863.45,12.42,1116774.35,8.21,425154.85,3.12,871381.21,7.46,292066.37,2.5,115224.18,0.99,45687.33,0.39,130168.96,-0.24,87401.15,0.23,0.4
groupeser,G3,Massif_central_3,Conifere,s,44723.17,16646400.98,372.93,5213099.93,116.44,2176780.02,52.87,551030.65,13.36,570984.66,12.75,171960.78,3.84,193388.87,4.02,56091.21,1.17,48209.14,0.99,15097.5,0.31,329386.64,7.73,100772.07,2.36,0.31
groupeser,G3,Massif_central_3,Feuillu,s,78753.61,13503807.8,172.28,7735160.72,98.4,1586639.44,19.31,536841.89,6.53,276268.55,3.53,151116.45,1.93,27861.71,0.35,15356.18,0.19,54263.96,0.69,31083.12,0.4,194142.89,2.48,104677.14,1.34,0.57
groupeser,G3,Massif_central_3,Mixte,s,28533.66,6802256.64,233.44,2718557.95,93.81,1109725.1,38.81,303659.31,10.57,215116.25,7.53,85804.05,3.04,21642.21,0.68,6766.47,0.21,42144.51,1.28,16843.28,0.51,151329.53,5.56,62194.3,2.31,0.4
groupeser,G4,Massif_central_4,Conifere,s,76232.29,30821543.57,401.46,9578486.49,124.48,3328355.27,43.41,775568.85,10.13,1207158.16,15.71,365657.56,4.76,1243952.76,14.36,372341.12,4.3,142852.74,1.62,44394.7,0.5,-179647.34,-0.28,-51078.25,-0.05,0.31
groupeser,G4,Massif_central_4,Feuillu,s,117126.66,18149127.56,153.51,10115832.67,85.82,4605829.87,39.44,1698601.29,14.51,512081.71,4.35,271802.35,2.32,142724.55,1.2,73551.99,0.62,81554.86,0.68,45456.47,0.38,287802.31,2.47,152793.89,1.32,0.56
groupeser,G4,Massif_central_4,Mixte,s,49799.08,10618108.13,216.39,4467895.73,90.9,1927181.22,39.03,554441.35,11.2,365374.13,7.4,145043.8,2.94,50202.99,1.12,23195.98,0.51,73625.28,1.63,30980.1,0.68,241545.86,4.66,90867.72,1.74,0.42
groupeser,G5,Massif_central_5,Conifere,n.s,NA,NA,NA,NA,NA,NA,NA,NA,NA,NA,NA,NA,NA,NA,NA,NA,NA,NA,NA,NA,NA,NA,NA,NA,NA,NA
groupeser,G5,Massif_central_5,Feuillu,s,191716.27,35514803.58,184.8,19563801.58,101.81,8385423.25,43.44,3178297.24,16.5,885828.5,4.6,464821.5,2.41,226229.45,1.06,114551.05,0.54,180711.22,0.88,99547.18,0.49,478887.83,2.65,250723.27,1.39,0.55
groupeser,G5,Massif_central_5,Mixte,n.s,NA,NA,NA,NA,NA,NA,NA,NA,NA,NA,NA,NA,NA,NA,NA,NA,NA,NA,NA,NA,NA,NA,NA,NA,NA,NA
groupeser,G6,Massif_central_6,Conifere,s,70778.3,9095213.22,128.99,3384937.58,48.1,605176.25,8.65,169290.94,2.41,279287.25,3.99,101789.3,1.45,131501.37,2.04,42061.92,0.62,2427.06,0.05,903.27,0.02,145358.82,1.89,58824.1,0.81,0.37
groupeser,G6,Massif_central_6,Feuillu,s,72808.99,5090619.83,70.37,3161319.53,43.66,765174.53,9.84,324051.64,4.29,133787,1.8,85059.41,1.15,9849.63,0.11,6031.18,0.06,24475.88,0.21,15199.73,0.13,99461.49,1.48,63828.49,0.95,0.62
groupeser,G6,Massif_central_6,Mixte,n.s,NA,NA,NA,NA,NA,NA,NA,NA,NA,NA,NA,NA,NA,NA,NA,NA,NA,NA,NA,NA,NA,NA,NA,NA,NA,NA
groupeser,G7,Massif_central_7,Conifere,s,48299.95,13669579.82,267.61,4716050.07,93.28,1318374.07,26.92,356191.78,7.27,468420.14,9.28,160881.39,3.24,186070.79,3.1,65878.89,1.08,31042.22,0.62,10709.67,0.22,251307.13,5.56,84292.83,1.94,0.35
groupeser,G7,Massif_central_7,Feuillu,s,136277.13,18341112.52,134.72,11682473.25,85.64,4892004.58,37.15,2414879.4,18.21,432414.5,3.25,250725.25,1.87,64888.36,0.48,48291.76,0.35,153266.06,1.05,97623.67,0.67,214260.08,1.71,104809.82,0.86,0.64
groupeser,G7,Massif_central_7,Mixte,n.s,NA,NA,NA,NA,NA,NA,NA,NA,NA,NA,NA,NA,NA,NA,NA,NA,NA,NA,NA,NA,NA,NA,NA,NA,NA,NA
groupeser,G8,Massif_central_8,Conifere,s,42991.99,13593190.39,303.39,4244313.76,94.97,1151041.45,27.84,279013.65,6.68,612489.98,13.31,185953.04,4.07,664457.61,11,205575.4,3.41,47332.47,0.76,14779.01,0.24,-99300.09,1.55,-34401.37,0.43,0.31
groupeser,G8,Massif_central_8,Feuillu,s,146848.06,22278576.6,152.61,12599874.76,86.44,3254743.5,22.29,1419068.34,9.73,596612.41,4.03,321124.84,2.17,78839.92,0.56,37782.14,0.27,105071.88,0.74,59424.47,0.42,412700.61,2.72,223918.23,1.48,0.57
groupeser,G8,Massif_central_8,Mixte,n.s,NA,NA,NA,NA,NA,NA,NA,NA,NA,NA,NA,NA,NA,NA,NA,NA,NA,NA,NA,NA,NA,NA,NA,NA,NA,NA
groupeser,G9,Massif_central_9,Conifere,n.s,NA,NA,NA,NA,NA,NA,NA,NA,NA,NA,NA,NA,NA,NA,NA,NA,NA,NA,NA,NA,NA,NA,NA,NA,NA,NA
groupeser,G9,Massif_central_9,Feuillu,s,66721.92,9801358.04,148,5169912.17,78.05,1530285.62,23.25,500810.56,7.59,303881.12,4.59,158080.68,2.39,73893.41,1.06,31170.37,0.45,51686.51,0.7,27263.03,0.37,178301.2,2.83,99647.28,1.57,0.53
groupeser,G9,Massif_central_9,Mixte,n.s,NA,NA,NA,NA,NA,NA,NA,NA,NA,NA,NA,NA,NA,NA,NA,NA,NA,NA,NA,NA,NA,NA,NA,NA,NA,NA
groupeser,H1,Alpes_1,Conifere,s,61490.17,28288962.06,464.84,8191965.21,134.54,3570055.87,57.47,818075.16,13.13,642301.73,10.65,179509.73,2.97,597722.23,7.92,171082.23,2.26,111460.66,1.68,32276.97,0.49,-66881.16,1.04,-23849.46,0.22,0.29
groupeser,H1,Alpes_1,Feuillu,s,64908.99,14621767.08,224.34,7355163.79,112.86,2789012.74,43.46,917900.42,14.28,306448.76,4.68,152396.32,2.33,112980.28,1.42,53927.1,0.68,48150.8,0.58,24221.22,0.29,145317.67,2.67,74248,1.35,0.5
groupeser,H1,Alpes_1,Mixte,s,78651.66,27570233.09,347.45,9746126.48,122.62,4276827.82,54.24,1061644.32,13.41,652408.59,8.27,226566.32,2.87,217507.33,2.53,71390.21,0.83,126231.71,1.47,44623.14,0.52,308669.54,4.27,110552.97,1.52,0.35
groupeser,H2,Alpes_2,Conifere,s,71861.14,23553946.56,336.3,7151743.48,101.49,3109121.61,49.45,767934.31,12.4,590760.76,8.34,172738.99,2.42,160957.74,2.28,48514.41,0.69,45057.55,0.64,13680.94,0.19,384745.46,5.42,110543.65,1.54,0.3
groupeser,H2,Alpes_2,Feuillu,s,53757.92,10087404.64,193.63,5326035.59,102.49,1602954.35,30.9,563685.87,10.83,272047.72,5.18,134705.1,2.56,13409.53,0.28,5468.74,0.12,46022.56,0.86,24299.39,0.45,212615.63,4.04,104936.96,1.99,0.53
groupeser,H2,Alpes_2,Mixte,s,37907.89,11216232.97,310.94,4028900.72,111,1194411.66,38.12,294521.81,9.35,278538.46,7.65,96098.55,2.63,49096.03,1.12,14155.03,0.32,48998.86,1.21,17600.52,0.43,180443.57,5.32,64343,1.87,0.36
groupeser,H3,Alpes_3,Conifere,s,275774.74,33721011.12,122.35,12886601.92,46.78,6029745.01,21.88,1588846.47,5.77,871061.38,3.18,330402.48,1.21,279007.31,1.15,97706.53,0.4,63163.71,0.26,24138.23,0.1,528890.35,1.76,208557.71,0.7,0.38
groupeser,H3,Alpes_3,Feuillu,s,155935.42,14099617.28,90.6,8715167.47,55.83,3161937.11,19.77,1332055.78,8.33,293695.61,1.88,175257.59,1.12,58594.59,0.33,34626.09,0.19,91317.71,0.49,56444.73,0.3,143783.31,1.07,84186.77,0.63,0.62
groupeser,H3,Alpes_3,Mixte,s,127053.15,13208560.29,104.19,6346105.03,50.08,2447836.29,20.02,806027.52,6.6,337190.84,2.66,156306.85,1.24,25300.09,0.26,9198.51,0.1,28024.54,0.21,13464.5,0.1,283866.21,2.19,133643.85,1.04,0.48
groupeser,H4,Alpes_4,Conifere,s,176286.83,32079406.99,183.87,11952912.62,68.47,4037775.29,23.91,1092981.5,6.49,624019.41,3.57,230111.04,1.32,137978.65,0.75,48611.3,0.26,84042.24,0.48,31314.47,0.18,401998.52,2.34,150185.27,0.87,0.37
groupeser,H4,Alpes_4,Feuillu,n.s,NA,NA,NA,NA,NA,NA,NA,NA,NA,NA,NA,NA,NA,NA,NA,NA,NA,NA,NA,NA,NA,NA,NA,NA,NA,NA
groupeser,H4,Alpes_4,Mixte,n.s,NA,NA,NA,NA,NA,NA,NA,NA,NA,NA,NA,NA,NA,NA,NA,NA,NA,NA,NA,NA,NA,NA,NA,NA,NA,NA
groupeser,I1,Pyrenees_1,Conifere,n.s,NA,NA,NA,NA,NA,NA,NA,NA,NA,NA,NA,NA,NA,NA,NA,NA,NA,NA,NA,NA,NA,NA,NA,NA,NA,NA
groupeser,I1,Pyrenees_1,Feuillu,s,184946.9,33509661.2,180.24,18717673.46,100.62,4270669.98,23.96,1583476.65,8.78,854741.12,4.62,451216.91,2.44,330499.69,1.7,159686.43,0.82,107361.9,0.54,59969.72,0.3,416879.53,2.38,231560.75,1.32,0.56
groupeser,I1,Pyrenees_1,Mixte,s,46408.41,10550477.86,225.91,4218863.64,90.63,822715.07,17.5,266036.71,5.68,307697.67,6.79,117243.33,2.59,73852.57,2.31,37330.79,1.22,11614.37,0.4,4644.29,0.16,222230.73,4.07,75268.26,1.21,0.4
groupeser,I2,Pyrenees_2,Conifere,s,75170.08,17516461.21,243.68,5920258.66,81.38,1779052.27,25.36,430246.56,6.01,481081.23,6.63,159660.88,2.17,201658.14,2.39,61671.86,0.73,45002.14,0.53,15209.94,0.18,234420.94,3.71,82779.08,1.26,0.34
groupeser,I2,Pyrenees_2,Feuillu,s,250817.74,42929855.07,173.52,24768191.59,100.04,8115807,32.41,2825801.45,11.28,958266.24,3.89,520425.34,2.11,203677.19,0.75,110302.78,0.41,175407.28,0.64,101200.46,0.37,579181.77,2.5,308922.09,1.33,0.58
groupeser,I2,Pyrenees_2,Mixte,n.s,NA,NA,NA,NA,NA,NA,NA,NA,NA,NA,NA,NA,NA,NA,NA,NA,NA,NA,NA,NA,NA,NA,NA,NA,NA,NA
groupeser,JX,Mediterranee_1_2_3_4,Conifere,s,258638.81,20444534.31,78.91,8995270.05,34.73,1891574.16,7.29,525936.21,2.03,655986.14,2.53,278824.18,1.08,253677.65,0.93,104853.56,0.39,53428.91,0.21,23507.87,0.09,348879.58,1.39,150462.75,0.59,0.44
groupeser,JX,Mediterranee_1_2_3_4,Feuillu,s,725721.73,40178931.35,55.19,29395532.64,40.38,5416807.07,7.5,2450958.38,3.39,1048220.71,1.44,749109.95,1.03,250235.97,0.32,171055.9,0.22,194930.19,0.26,142613.97,0.19,603054.55,0.86,435440.08,0.62,0.73
groupeser,JX,Mediterranee_1_2_3_4,Mixte,s,225287.54,15011907.45,66.42,8507964.37,37.77,1830778.3,8.08,664489.48,2.92,436181.45,1.94,233597.77,1.05,114634.38,0.59,63066.89,0.33,30169.02,0.13,17098.22,0.07,291378.05,1.22,153432.66,0.65,0.57
groupeser,K1,Corse,Conifere,n.s,NA,NA,NA,NA,NA,NA,NA,NA,NA,NA,NA,NA,NA,NA,NA,NA,NA,NA,NA,NA,NA,NA,NA,NA,NA,NA
groupeser,K1,Corse,Feuillu,s,286478.89,22812612.58,79.51,20395107.58,71.23,4886085.89,16.59,2494846.02,8.54,526590.14,1.83,412338.52,1.43,27563.83,0.1,22687.92,0.09,83406.7,0.31,74567.9,0.28,415619.61,1.42,315082.69,1.07,0.89
groupeser,K1,Corse,Mixte,n.s,NA,NA,NA,NA,NA,NA,NA,NA,NA,NA,NA,NA,NA,NA,NA,NA,NA,NA,NA,NA,NA,NA,NA,NA,NA,NA
groupeser,A1,Grand_ouest_1,total hors peupleraie hors indetermine,s,410304.93,81624197.08,199.03,39016584.35,95.15,7939713.24,19.44,2583153.9,6.33,2803992.08,6.85,1246511.08,3.04,1497648.04,3.89,574681.37,1.49,270794.36,0.7,129440.43,0.34,1035549.68,2.26,542389.28,1.22,0.48
groupeser,AX,Grand_ouest_2_et_3,total hors peupleraie hors indetermine,s,254081.55,45113534.68,177,22072764.86,86.56,4516193.89,17.72,1530798.71,6.03,1586472.08,6.25,745272.62,2.93,687208.32,2.86,310150.69,1.29,140125.48,0.57,68559.4,0.28,759138.28,2.81,366562.53,1.36,0.49
groupeser,B3,Centre_nord_semi_oceanique_3,total hors peupleraie hors indetermine,s,308341.24,64851355.48,210.33,31425382.69,101.92,4535202.95,14.82,1474224.4,4.81,1951781.07,6.32,915021.95,2.96,1162541.47,3.73,552411.44,1.77,86072.26,0.28,41708.52,0.13,703167.34,2.31,320901.99,1.06,0.48
groupeser,B4,Centre_nord_semi_oceanique_4,total hors peupleraie hors indetermine,s,606882.11,115382574.8,190.24,57595607.38,94.96,15078808.24,24.83,4823569.02,7.95,3407651.77,5.63,1659310.55,2.74,1320308.6,2.37,657764.05,1.18,357008.63,0.64,178208.27,0.32,1730334.53,2.62,823338.24,1.24,0.5
groupeser,B5,Centre_nord_semi_oceanique_5,total hors peupleraie hors indetermine,s,442759.06,97497076.02,220.73,48198660.64,109.08,11093832.47,25.16,3526678.38,7.98,2768323.31,6.29,1349917.2,3.06,1506828.5,3.58,713711.23,1.69,245982.54,0.59,121603.94,0.29,1015512.27,2.12,514602.03,1.08,0.49
groupeser,B6,Centre_nord_semi_oceanique_6,total hors peupleraie hors indetermine,s,322246.55,64672237.17,200.78,30511605.47,94.7,5989047.15,18.5,1992912.01,6.15,2335500.73,7.27,1051700.58,3.27,1391943.83,4.52,577912.12,1.88,194926.99,0.64,91964.27,0.3,748629.91,2.11,381824.19,1.09,0.47
groupeser,B7,Centre_nord_semi_oceanique_7,total hors peupleraie hors indetermine,s,341712.97,58807212.48,171.99,27291855.62,79.84,5196281.67,15.21,1593434.04,4.66,1854156.89,5.42,829583.86,2.42,1003545.5,2.78,439039.34,1.22,253460.47,0.71,117628.54,0.33,597150.93,1.93,272915.97,0.88,0.46
groupeser,B8,Centre_nord_semi_oceanique_8,total hors peupleraie hors indetermine,s,195321.31,32133080.41,164.36,16433430.85,84.15,4419044.61,22.55,1524340.04,7.76,1107334.73,5.66,556292.33,2.85,479629.76,2.53,225931.2,1.19,137618.84,0.73,70380.73,0.37,490086.13,2.4,259980.4,1.28,0.51
groupeser,B9,Centre_nord_semi_oceanique_9,total hors peupleraie hors indetermine,s,264918.11,56541267.27,213.84,27692338.73,104.69,6521241.81,24.5,2108123.93,7.91,1559209.62,5.89,744339.62,2.81,967592.17,3.45,449510.34,1.6,218327.47,0.78,106930.72,0.38,373289.99,1.66,187898.56,0.83,0.49
groupeser,BX,Centre_nord_semi_oceanique_1_et_2,total hors peupleraie hors indetermine,s,304358.4,58147993.86,191.02,29954813.01,98.47,4125729.79,13.43,1370310.87,4.46,1816685.85,6,900515.85,2.97,1398140.19,4.95,690251.5,2.44,128816.9,0.45,66359.75,0.23,289728.76,0.6,143904.61,0.3,0.52
groupeser,C1,Grand_est_semi_continental_1,total hors peupleraie hors indetermine,s,122417.95,27938468.63,227.64,12376173.67,100.83,2038859.02,16.7,635545.74,5.21,881255.03,7.2,373636.94,3.05,1030610.24,8.6,403685.35,3.38,53250.82,0.44,23589.03,0.19,-202606.03,-1.83,-53637.44,-0.52,0.44
groupeser,C2,Grand_est_semi_continental_2,total hors peupleraie hors indetermine,s,1074240.26,192098605.1,178.6,96679612.93,89.9,24504306.32,22.87,7911992.68,7.38,5455452.12,5.08,2660336.93,2.48,3109151.19,3,1505239.48,1.45,693233.35,0.67,348891.3,0.34,1653067.58,1.42,806206.15,0.69,0.5
groupeser,C3,Grand_est_semi_continental_3,total hors peupleraie hors indetermine,s,341514.43,77766891.52,228.03,38919379.88,114.17,7227336.24,21.18,2377438.81,6.97,2074939.46,6.09,1009529.41,2.96,1645558.3,5.07,813384.59,2.5,229467.26,0.71,114839.66,0.36,199913.9,0.31,81305.17,0.1,0.5
groupeser,C4,Grand_est_semi_continental_4,total hors peupleraie hors indetermine,s,118899.13,23994302.35,202.04,11779288.45,99.16,4225255.47,34.77,1303935.05,10.72,750869.96,6.29,363227.53,3.04,499989.44,4.36,240047.93,2.09,127237.55,1.06,62463.49,0.52,123642.97,0.87,60716.11,0.43,0.49
groupeser,C5,Grand_est_semi_continental_5,total hors peupleraie hors indetermine,s,445046.95,95328322.38,214.31,46802338.04,105.22,14891486.73,33.33,5205078.66,11.66,3094101.16,6.97,1490405.41,3.36,1914146.52,4.45,904861.09,2.1,537287.12,1.24,263786.17,0.61,642667.52,1.28,321758.14,0.65,0.49
groupeser,D1,Vosges,total hors peupleraie hors indetermine,s,560368.82,165465164.3,295.49,63141827.03,112.76,23473169.54,41.84,6146519.85,10.95,5179727.51,9.26,1930158.86,3.45,3679745.64,6.58,1323981.36,2.37,716941.51,1.28,273586.27,0.49,783040.36,1.4,332591.24,0.6,0.38
groupeser,E1,Jura_1,total hors peupleraie hors indetermine,s,265452.24,58097120.38,218.75,26150551.04,98.46,7516492.04,28.43,2352574.45,8.9,1753454.94,6.6,750171.22,2.82,800225.32,3.1,311217.27,1.21,284003.89,1.09,127835.22,0.49,669225.73,2.41,311118.73,1.12,0.45
groupeser,E2,Jura_2,total hors peupleraie hors indetermine,s,247660.69,81972702.5,330.72,27611722.45,111.39,9851960.3,39.79,2289732.82,9.24,2275168.94,9.21,744347.36,3.01,1481510.78,6.42,511474.48,2.2,226115.23,0.96,76164.76,0.32,567542.92,1.83,156708.12,0.49,0.34
groupeser,F1,Sud_ouest_oceanique_1,total hors peupleraie hors indetermine,s,434619.9,74505961.87,171.6,38525270,88.72,18129836.67,41.53,6005771.77,13.77,2655940.35,6.12,1322185.62,3.05,1255747.41,2.92,610268.95,1.42,385259.27,0.9,199208.45,0.47,1014933.67,2.3,512708.21,1.16,0.52
groupeser,F2,Sud_ouest_oceanique_2,total hors peupleraie hors indetermine,s,827295.49,109944396.6,132.89,46422895.73,56.11,10008170.19,12.09,2779376.49,3.36,6902665.01,8.35,2832534.89,3.43,5485289.16,6.67,2129925.02,2.59,218123.89,0.26,92100.58,0.11,1199251.96,1.41,610509.29,0.72,0.42
groupeser,F3,Sud_ouest_oceanique_3,total hors peupleraie hors indetermine,s,365023.81,62572285.99,171.03,33149841.18,90.63,8107722.7,22.2,2995481.71,8.2,1912087.21,5.22,982141.17,2.68,519132.46,1.43,262823.59,0.72,281379.03,0.79,149070.31,0.42,1111575.71,3,570247.27,1.54,0.53
groupeser,F4,Sud_ouest_oceanique_4,total hors peupleraie hors indetermine,s,269110.9,25328740.41,94.24,15466452.72,57.53,2444709.5,9.02,1094183.24,4.03,564403.95,2.1,336977,1.25,143618.21,0.57,77669.81,0.31,102928.01,0.4,62850.78,0.24,317857.73,1.14,196456.4,0.7,0.61
groupeser,F5,Sud_ouest_oceanique_5,total hors peupleraie hors indetermine,s,166117.31,29403445.93,177.45,15589631.23,94.09,3962271.77,23.88,1406970.83,8.48,982570.38,5.91,484665.1,2.92,393958.04,2.28,190016.39,1.1,106794.4,0.62,56622.12,0.33,481817.94,3.01,238026.6,1.49,0.53
groupeser,G1,Massif_central_1,total hors peupleraie hors indetermine,s,609764.88,137733895,225.83,63618915.6,104.32,20925642.27,34.34,6431284.57,10.55,4869634.97,7.98,2081355,3.41,2568590.8,4.22,994592.71,1.64,589803.76,0.97,272428.77,0.45,1711240.41,2.79,814333.51,1.33,0.46
groupeser,G2,Massif_central_2,total hors peupleraie hors indetermine,s,709555.62,194668198.1,274.52,73767530.63,104.01,29527873.16,41.64,7721286.55,10.89,6585304.59,9.3,2337878.21,3.3,4968238.55,7.17,1621046.06,2.34,603733.57,0.87,228778.69,0.33,1013332.48,1.26,488053.47,0.63,0.38
groupeser,G3,Massif_central_3,total hors peupleraie hors indetermine,s,152010.43,36952465.42,243.22,15666818.6,103.07,4873144.56,31.58,1462600.22,9.51,1062369.46,6.97,408881.28,2.69,242892.79,1.62,78213.86,0.52,144617.62,0.92,61313.85,0.39,674859.06,4.43,269353.57,1.78,0.42
groupeser,G4,Massif_central_4,total hors peupleraie hors indetermine,s,243158.03,59588779.26,243.85,24162214.89,99.12,9861366.37,40.49,2822978.8,11.61,2084614,8.54,782503.7,3.21,1436880.29,5.78,469089.08,1.89,298032.88,1.2,120847.15,0.49,349700.83,1.56,192567.46,0.84,0.41
groupeser,G5,Massif_central_5,total hors peupleraie hors indetermine,s,223998.07,45779441.57,202.98,23013518.33,102.25,9556921.12,42.24,3345632.63,14.81,1295128.27,5.73,599338.33,2.66,313029.61,1.29,147040.2,0.6,193455.78,0.84,97251.04,0.42,788642.88,3.61,355047.1,1.63,0.5
groupeser,G6,Massif_central_6,total hors peupleraie hors indetermine,s,157386.95,15840079.23,101.29,7262652.42,46.46,1424118.2,8.63,474384.18,2.93,456139.72,2.89,204466.6,1.3,141351,0.82,48093.1,0.28,34635.06,0.18,15880.12,0.08,280153.66,1.89,140493.38,0.93,0.46
groupeser,G7,Massif_central_7,total hors peupleraie hors indetermine,s,224551.58,40872671.24,182.79,20233557.26,90.22,7762939.2,34.88,2998086.06,13.46,1162202.43,5.24,514918.5,2.32,306006.37,1.33,133625.36,0.58,221834.29,0.93,109816.58,0.46,634361.77,2.98,271476.56,1.28,0.5
groupeser,G8,Massif_central_8,total hors peupleraie hors indetermine,s,205668.31,39452596.81,191.89,18305639.04,89.17,4676032.69,22.81,1661629.41,8.11,1362629.36,6.59,566133.41,2.74,760675.91,3.34,248707.21,1.1,177966.73,0.8,82574.91,0.37,423986.72,2.44,234851.29,1.27,0.46
groupeser,G9,Massif_central_9,total hors peupleraie hors indetermine,s,92181.24,16892240.11,183.25,7688668.64,83.62,2673113.97,29.04,817310.7,8.88,560893.94,6.04,245134.36,2.65,154965.19,1.61,59239.56,0.61,68039.49,0.7,30968.84,0.32,337889.26,3.73,154925.95,1.71,0.46
groupeser,H1,Alpes_1,total hors peupleraie hors indetermine,s,205050.81,70480962.23,342.5,25293255.49,122.93,10635896.42,51.56,2762102.22,13.37,1601159.07,7.77,558472.37,2.71,928209.84,3.87,296399.54,1.24,285843.18,1.21,102579.54,0.43,387106.06,2.7,159493.29,1.04,0.36
groupeser,H2,Alpes_2,total hors peupleraie hors indetermine,s,163526.95,44857584.17,275.69,16506679.79,101.23,5906487.61,37.47,1629650.56,10.37,1141346.93,7,403542.64,2.47,223463.3,1.37,68138.19,0.42,140078.96,0.83,51546.21,0.31,777804.67,4.8,283858.24,1.75,0.37
groupeser,H3,Alpes_3,total hors peupleraie hors indetermine,s,558763.31,61029188.69,109.49,27947874.42,50.12,11639518.41,20.97,3639831.33,6.55,1501947.83,2.69,661966.93,1.19,362901.99,0.66,141531.13,0.26,182505.96,0.33,83577.28,0.15,956539.87,1.7,436858.52,0.78,0.46
groupeser,H4,Alpes_4,total hors peupleraie hors indetermine,s,254262.76,43108371.31,169.31,17242165.31,67.76,5990178.45,23.7,1722734.61,6.83,877540.86,3.45,352125.83,1.39,174342.27,0.73,67446.65,0.29,116133.23,0.48,46450.11,0.19,587065.35,2.24,238229.08,0.91,0.4
groupeser,I1,Pyrenees_1,total hors peupleraie hors indetermine,s,256394.9,50797012.96,197.18,25110988.43,97.45,5482345.68,22.08,1906083.08,7.66,1378612.09,5.41,640206.89,2.51,584677.51,2.14,254081.77,0.92,138836.15,0.5,68632.24,0.25,655098.43,2.77,317492.88,1.33,0.49
groupeser,I2,Pyrenees_2,total hors peupleraie hors indetermine,s,347524.82,65368092.27,191,32727336.71,95.28,10770245.6,31.61,3414830.47,9.98,1569822.95,4.59,732299.64,2.14,447535.12,1.19,188999.28,0.5,233619.92,0.62,116964.68,0.31,888667.91,2.79,426335.68,1.33,0.5
groupeser,JX,Mediterranee_1_2_3_4,total hors peupleraie hors indetermine,s,1209648.07,75635373.11,62.59,46898767.06,38.83,9139159.53,7.56,3543679.33,2.93,2140388.3,1.77,1261531.9,1.04,618548,0.5,338976.35,0.27,278528.11,0.23,172705.24,0.14,1243312.19,1.04,749850.31,0.63,0.62
groupeser,K1,Corse,total hors peupleraie hors indetermine,s,364061.46,38344800.82,105.67,27028365.88,74.62,7093272.67,19.36,2993959.76,8.23,813675.21,2.24,531882.27,1.46,60388.5,0.18,38421.3,0.11,126517.04,0.36,89178.95,0.26,626769.67,1.69,404282.03,1.09,0.7
greco,A,Grand Ouest cristallin et oceanique,Conifere,s,89283.16,20982991.56,235.23,7119013.54,79.8,1972712.62,21.82,527192.33,5.81,1000077.4,10.99,329577.91,3.63,1063863.1,10.03,340367.5,3.2,112041.47,1.07,38012.92,0.36,-175827.17,-0.11,-48802.51,0.06,0.34
greco,A,Grand Ouest cristallin et oceanique,Feuillu,s,511720.51,89868832.85,175.87,47594728.26,93.1,8981976.93,17.67,3109031.01,6.11,2821278.03,5.53,1442687.55,2.83,857074.61,1.9,447476.91,0.99,244201.01,0.54,129329.38,0.29,1720002.41,3.09,865881.25,1.55,0.53
greco,A,Grand Ouest cristallin et oceanique,Mixte,s,63382.81,15885907.35,251.85,6375607.42,101.31,1501217.59,25.22,446342.59,7.45,569108.73,8.94,219518.24,3.46,263918.65,3.63,96987.65,1.34,54677.37,0.87,21944.07,0.35,250512.71,4.45,100586.52,1.77,0.4
greco,B,Centre Nord semi-oceanique,Conifere,s,248161.5,56603211.78,228.82,19597599.28,79.19,4256207.16,17.22,1047385.71,4.24,2399290.71,9.69,833606.13,3.36,1866176.58,7.41,651495.11,2.59,98309.76,0.4,34037.56,0.14,434804.38,1.88,148073.46,0.64,0.35
greco,B,Centre Nord semi-oceanique,Feuillu,s,2356218.59,455622185.4,193.43,234527766.6,99.57,48195330.85,20.43,16102731.71,6.83,13142943.06,5.59,6658917.72,2.83,6654435.33,2.88,3372691.94,1.46,1418635.1,0.61,730230.73,0.32,5069872.63,2.09,2555995.05,1.05,0.51
greco,B,Centre Nord semi-oceanique,Mixte,s,182159.66,35807400.33,196.41,14978328.47,82.17,4507650.68,24.8,1307848.14,7.18,1258410.22,6.98,514158.1,2.85,709918.11,4.82,282344.16,1.91,105269.24,0.71,44034.4,0.3,443222.87,1.45,187779.54,0.64,0.42
greco,C,Grand Est semi-continental,Conifere,s,106437.78,30226417.94,284.01,9130967.37,85.84,2887442.94,27.84,692623.78,6.73,1241195.22,11.65,371248.39,3.49,1328811.77,12.92,389200.77,3.76,109364.11,1.12,33037.33,0.34,-196980.66,-2.38,-50989.7,-0.61,0.3
greco,C,Grand Est semi-continental,Feuillu,s,1828668.08,346955878.6,189.65,181754027.7,99.35,44885078.5,24.54,15315757.88,8.37,9714878.2,5.32,5022824.38,2.75,5939117.85,3.33,3128236.95,1.76,1266633.29,0.71,663530.2,0.37,2509127.06,1.27,1231057.24,0.62,0.52
greco,C,Grand Est semi-continental,Mixte,s,167012.85,39944293.43,239.1,15671797.86,93.75,5114722.33,30.67,1430203.16,8.57,1300544.32,7.88,503063.44,3.04,931526.07,6.45,349780.71,2.42,264478.69,1.83,103765.93,0.72,104539.55,-0.4,49516.8,-0.1,0.39
greco,D,Vosges,Conifere,s,174047.92,66342320.72,380.01,19840043.31,113.64,8216625.24,47.17,1799613,10.32,2227097.95,12.73,667946.39,3.82,2003907.97,10.07,584591.71,2.93,314088.03,1.54,93929.79,0.46,-90898.06,1.12,-10575.11,0.43,0.3
greco,D,Vosges,Feuillu,s,237519.39,52168554.2,219.46,25758448.93,108.36,7937330.59,33.18,2520684.66,10.53,1528821.59,6.43,743934.73,3.13,907457.2,3.86,459657.85,1.95,226177.87,0.96,111676.3,0.47,395186.52,1.61,172600.58,0.71,0.49
greco,D,Vosges,Mixte,s,148801.51,46954289.42,313.77,17543334.78,117.3,7319213.71,48.8,1864353.06,12.4,1423807.97,9.62,518277.74,3.51,768380.47,6.07,279731.8,2.23,176675.6,1.23,66010.57,0.46,478751.9,2.32,172535.37,0.81,0.37
greco,E,Jura,Conifere,s,105649.1,45687666.4,433.34,13076093.96,123.87,4258728.28,40.78,870526.62,8.31,1374650.61,13.09,389832.43,3.71,991288.1,10.68,291675.04,3.14,132564.5,1.43,37940.78,0.41,250798.02,0.98,60216.61,0.16,0.29
greco,E,Jura,Feuillu,s,249462.39,48612036.06,194.45,24768801.58,99.11,6892086.24,27.5,2376015.53,9.47,1202848.43,4.82,609568.66,2.44,373230.42,1.52,197071.99,0.8,211945.35,0.86,107990.38,0.44,617672.66,2.44,304506.28,1.2,0.51
greco,E,Jura,Mixte,s,158001.44,45770120.42,289.18,15917377.95,100.77,6217637.82,39.01,1497083.48,9.41,1451124.83,9.19,495117.49,3.14,917217.58,6.28,333944.72,2.27,165609.28,1.11,57593.59,0.39,368297.97,1.8,103579.19,0.48,0.35
greco,F,Sud-Ouest oceanique,Conifere,s,633553.62,87207447.04,137.89,33146303.12,52.4,4613396.79,7.3,1186759.83,1.88,6046871.92,9.58,2339884.68,3.71,5094847.81,8.4,1924922.93,3.17,86654.59,0.14,32936.17,0.05,865369.52,1.04,382025.58,0.48,0.38
greco,F,Sud-Ouest oceanique,Feuillu,s,1300708.81,191384522.8,147.16,105664884.3,81.24,34622698.17,26.65,12502667.07,9.62,6133182.06,4.72,3255724.59,2.5,2322921.22,1.81,1179105.56,0.92,934162.53,0.73,515758.4,0.4,2876098.3,2.18,1560860.63,1.18,0.55
greco,F,Sud-Ouest oceanique,Mixte,s,127904.98,23162860.97,181.23,10342903.4,80.95,3416615.88,26.55,997997.84,7.75,837612.93,6.49,362894.5,2.81,379976.26,2.67,166675.27,1.17,73667.48,0.52,32894.71,0.23,383969.19,3.3,163324.51,1.4,0.45
greco,G,Massif central,Conifere,s,711197.51,229682096.2,322.86,71693634.41,100.78,27085714.93,38.05,6317023.05,8.87,9037605.93,12.69,2764551.75,3.88,7201696.3,10.13,2185873.84,3.07,656738.22,0.92,204996.17,0.29,1179171.41,1.65,373681.75,0.52,0.31
greco,G,Massif central,Feuillu,s,1525532.34,268129200.2,175.93,145614997.2,95.52,49173946.88,32.22,17706358.83,11.61,7305364.56,4.79,3791807.81,2.49,2298768.79,1.45,1138253.4,0.72,1314066.7,0.83,713640.36,0.45,3692529.08,2.51,1939914.05,1.32,0.54
greco,G,Massif central,Mixte,s,381545.26,89969070.33,236.28,36410883.78,95.59,15021489.71,39.64,4327567.34,11.43,3095946.27,8.15,1184249.83,3.11,1392165.42,3.71,475519.92,1.27,361314.26,0.97,146225.49,0.39,1342466.59,3.46,562504.42,1.45,0.4
greco,H,Alpes,Conifere,s,585412.88,117643326.7,201.9,40183223.23,68.94,16746697.78,28.99,4270321.23,7.38,2728143.27,4.67,912762.24,1.56,1175665.93,2.11,365914.48,0.66,303724.16,0.54,103742.52,0.18,1248753.18,2.03,443105.24,0.72,0.34
greco,H,Alpes,Feuillu,s,314158.28,43267348.61,137.19,23814742.4,75.54,8303562.63,26.36,3064636.17,9.71,980518.49,3.1,520347.2,1.65,211062.97,0.62,106726.84,0.32,190465.52,0.55,104833.96,0.3,578990,1.94,308786.41,1.03,0.55
greco,H,Alpes,Mixte,s,282032.68,58565431.05,206.96,22992009.38,81.2,9121820.5,32.08,2486315.59,8.76,1413332.93,5.02,542998.32,1.93,302188.5,1.07,100874.19,0.36,230371.66,0.76,90440.85,0.3,880772.78,3.19,351683.29,1.27,0.39
greco,I,Pyrenees,Conifere,s,100209.67,24253335.11,243.75,8094709.99,81.01,2168012.91,21.85,530892.18,5.31,697254.54,7,231407.53,2.31,381983.4,2.97,118736.41,0.92,64862.02,0.5,21648.13,0.17,250409.12,3.53,91023,1.23,0.33
greco,I,Pyrenees,Feuillu,s,435764.64,76439516.27,175.35,43485865.06,99.79,12386476.98,28.29,4411253.97,10.08,1813007.36,4.16,971642.25,2.23,534176.88,1.14,269989.22,0.57,282769.18,0.6,160865.26,0.34,996061.29,2.43,540787.77,1.32,0.57
greco,I,Pyrenees,Mixte,s,67945.41,15472253.85,227.79,6257750.09,91.66,1698101.4,24.59,510454.23,7.5,438173.14,6.52,169456.75,2.51,116052.35,2.12,54355.43,0.99,24824.87,0.45,10040.41,0.18,297295.92,3.94,105060.91,1.33,0.4
greco,J,Mediterranee,Conifere,s,258638.81,20444534.31,78.91,8995270.05,34.73,1891574.16,7.29,525936.21,2.03,655986.14,2.53,278824.18,1.08,253677.65,0.93,104853.56,0.39,53428.91,0.21,23507.87,0.09,348879.58,1.39,150462.75,0.59,0.44
greco,J,Mediterranee,Feuillu,s,725721.73,40178931.35,55.19,29395532.64,40.38,5416807.07,7.5,2450958.38,3.39,1048220.71,1.44,749109.95,1.03,250235.97,0.32,171055.9,0.22,194930.19,0.26,142613.97,0.19,603054.55,0.86,435440.08,0.62,0.73
greco,J,Mediterranee,Mixte,s,225287.54,15011907.45,66.42,8507964.37,37.77,1830778.3,8.08,664489.48,2.92,436181.45,1.94,233597.77,1.05,114634.38,0.59,63066.89,0.33,30169.02,0.13,17098.22,0.07,291378.05,1.22,153432.66,0.65,0.57
greco,K,Corse,Conifere,n.s,NA,NA,NA,NA,NA,NA,NA,NA,NA,NA,NA,NA,NA,NA,NA,NA,NA,NA,NA,NA,NA,NA,NA,NA,NA,NA
greco,K,Corse,Feuillu,s,286478.89,22812612.58,79.51,20395107.58,71.23,4886085.89,16.59,2494846.02,8.54,526590.14,1.83,412338.52,1.43,27563.83,0.1,22687.92,0.09,83406.7,0.31,74567.9,0.28,415619.61,1.42,315082.69,1.07,0.89
greco,K,Corse,Mixte,n.s,NA,NA,NA,NA,NA,NA,NA,NA,NA,NA,NA,NA,NA,NA,NA,NA,NA,NA,NA,NA,NA,NA,NA,NA,NA,NA
greco,A,Grand Ouest cristallin et oceanique,total hors peupleraie hors indetermine,s,664386.48,126737731.8,190.92,61089349.21,91.99,12455907.14,18.85,4112926.74,6.23,4390464.16,6.63,1991783.7,3.01,2184856.36,3.5,884832.06,1.42,410919.84,0.65,198069.08,0.32,1794687.95,2.47,908882.56,1.27,0.48
greco,B,Centre Nord semi-oceanique,total hors peupleraie hors indetermine,s,2786539.75,548032797.5,196.71,269103694.4,96.59,56959188.69,20.43,18374401.32,6.59,16800643.99,6.04,8006681.95,2.88,9230530.01,3.4,4306531.22,1.59,1622214.1,0.6,796565.11,0.29,5947899.87,2.04,2903585.62,1,0.49
greco,C,Grand Est semi-continental,total hors peupleraie hors indetermine,s,2102118.71,417126589.9,198.35,206556793,98.22,52887243.77,25.17,17433373.97,8.3,12256617.74,5.84,5897136.22,2.81,8199455.69,4.03,3867218.43,1.9,1640476.09,0.81,812346.87,0.4,2416685.95,1,1217570.92,0.51,0.5
greco,D,Vosges,total hors peupleraie hors indetermine,s,560368.82,165465164.3,295.49,63141827.03,112.76,23473169.54,41.84,6146519.85,10.95,5179727.51,9.26,1930158.86,3.45,3679745.64,6.58,1323981.36,2.37,716941.51,1.28,273586.27,0.49,783040.36,1.4,332591.24,0.6,0.38
greco,E,Jura,total hors peupleraie hors indetermine,s,513112.93,140069822.9,272.8,53762273.49,104.71,17368452.34,33.9,4598015.23,8.97,4028623.87,7.86,1494518.58,2.91,2281736.11,4.68,822691.75,1.68,510119.12,1.05,195796.38,0.4,1236768.65,2.14,476030.45,0.83,0.38
greco,F,Sud-Ouest oceanique,total hors peupleraie hors indetermine,s,2062167.41,301754830.8,146.38,149154090.9,72.35,42652710.84,20.7,14025067.94,6.81,13017666.91,6.32,5958503.77,2.89,7797745.29,3.83,3270703.76,1.61,1094484.6,0.54,540991.69,0.27,4125437.01,1.95,2146808.32,1.02,0.49
greco,G,Massif central,total hors peupleraie hors indetermine,s,2618275.11,587780366.7,224.63,253719515.4,96.93,91281151.53,34.84,27460575.58,10.49,19438916.76,7.43,7740609.39,2.96,10892630.51,4.08,3799647.15,1.42,2332119.18,0.87,1006675.59,0.38,6214167.08,2.47,2934286.65,1.16,0.43
greco,H,Alpes,total hors peupleraie hors indetermine,s,1181603.84,219476106.4,185.88,86989975.01,73.67,34172080.9,28.97,9679674.03,8.2,5121994.69,4.34,1976107.77,1.67,1688917.4,1.41,573515.5,0.48,724561.34,0.6,287181.93,0.24,2708515.95,2.32,1115410.33,0.96,0.4
greco,I,Pyrenees,total hors peupleraie hors indetermine,s,603919.72,116165105.2,192.62,57838325.14,95.87,16252591.28,26.88,5327614.78,8.82,2948435.04,4.89,1372506.53,2.27,1032212.63,1.58,443081.05,0.67,372456.08,0.57,185444.98,0.28,1543766.33,2.75,743980.49,1.32,0.5
greco,J,Mediterranee,total hors peupleraie hors indetermine,s,1209648.07,75635373.11,62.59,46898767.06,38.83,9139159.53,7.56,3543679.33,2.93,2140388.3,1.77,1261531.9,1.04,618548,0.5,338976.35,0.27,278528.11,0.23,172705.24,0.14,1243312.19,1.04,749850.31,0.63,0.62
greco,K,Corse,total hors peupleraie hors indetermine,s,364061.46,38344800.82,105.67,27028365.88,74.62,7093272.67,19.36,2993959.76,8.23,813675.21,2.24,531882.27,1.46,60388.5,0.18,38421.3,0.11,126517.04,0.36,89178.95,0.26,626769.67,1.69,404282.03,1.09,0.7
rad13,ARA,Auvergne-Rhone-Alpes,Conifere,s,600559.08,204992045.4,343.35,63511753.17,106.27,28946598.58,48.41,6722173.59,11.22,6549146.54,10.92,1984845.63,3.31,4933985.14,7.9,1483011.05,2.38,687528.6,1.1,213013.86,0.34,927632.79,1.91,288820.73,0.59,0.31
rad13,ARA,Auvergne-Rhone-Alpes,Feuillu,s,1174428.99,204429468.2,173.97,108643905.8,92.46,39097490.48,33.17,13703453.06,11.63,5449531.73,4.64,2830834.78,2.41,1745495,1.46,861311.41,0.72,992768.51,0.82,527606.17,0.43,2711268.23,2.36,1441917.2,1.25,0.53
rad13,ARA,Auvergne-Rhone-Alpes,Mixte,s,479526.46,119808335.2,248.93,46532233.87,96.71,18878942.63,39.36,5178194.83,10.79,3510480.72,7.31,1321601.86,2.75,1273779.73,2.76,456543.61,0.99,554490.13,1.2,215357.84,0.47,1682210.86,3.35,649700.4,1.3,0.39
rad13,BFC,Bourgogne-Franche-Comte,Conifere,s,200041.06,74974051.21,373.88,21991971.35,109.71,6807952.73,33.84,1458559.38,7.25,2769495.88,13.8,809362.42,4.03,2552492.52,13.04,760279.34,3.87,265310.43,1.41,77822.92,0.41,-48307.08,-0.65,-28739.84,-0.25,0.29
rad13,BFC,Bourgogne-Franche-Comte,Feuillu,s,1238919.33,251136457.3,202.7,130290864.2,105.16,28013969.3,22.6,9387645.56,7.57,6408956.49,5.17,3297455.36,2.66,3633333.27,2.92,1884999.94,1.51,849728.04,0.68,440843.2,0.35,1925895.18,1.57,971612.22,0.79,0.52
rad13,BFC,Bourgogne-Franche-Comte,Mixte,s,218411.68,57930497.49,265.66,21132053.57,97,8029746.65,37.14,2006080.31,9.27,1866396.67,8.59,664188.74,3.06,1259057.29,6.44,469597.14,2.39,218895.54,1.09,79849.35,0.4,388443.84,1.05,114742.25,0.27,0.36
rad13,BRE,Bretagne,Conifere,s,56376.04,14886730.22,266.83,5005481.04,89.61,1638445.32,28.06,438028.75,7.45,649577.14,11.31,209309.63,3.64,771819.65,11.66,246608.14,3.71,95539.16,1.56,32123.88,0.53,-217781.68,-1.91,-69422.39,-0.59,0.34
rad13,BRE,Bretagne,Feuillu,s,293426.41,51539329.04,175.46,27369510.88,93.08,5967287.22,20.52,2088344.14,7.18,1668196.58,5.7,851185.43,2.9,374003.77,1.52,197139.83,0.8,144996.89,0.59,76999.34,0.31,1149195.91,3.59,577046.27,1.79,0.53
rad13,BRE,Bretagne,Mixte,s,46674.65,12294357.93,268.37,4891533.5,106.79,1339875.63,31.51,396873.52,9.26,446622.47,9.59,169183.62,3.65,223956.55,4.48,80551.54,1.61,40190.89,0.91,15990.68,0.36,182475.03,4.21,72641.4,1.68,0.4
rad13,COR,Corse,Conifere,n.s,NA,NA,NA,NA,NA,NA,NA,NA,NA,NA,NA,NA,NA,NA,NA,NA,NA,NA,NA,NA,NA,NA,NA,NA,NA,NA
rad13,COR,Corse,Feuillu,s,286478.89,22812612.58,79.51,20395107.58,71.23,4886085.89,16.59,2494846.02,8.54,526590.14,1.83,412338.52,1.43,27563.83,0.1,22687.92,0.09,83406.7,0.31,74567.9,0.28,415619.61,1.42,315082.69,1.07,0.89
rad13,COR,Corse,Mixte,n.s,NA,NA,NA,NA,NA,NA,NA,NA,NA,NA,NA,NA,NA,NA,NA,NA,NA,NA,NA,NA,NA,NA,NA,NA,NA,NA
rad13,CVL,Centre-Val de Loire,Conifere,s,95255.62,22051808.74,232.46,7776024.35,81.93,1378099.82,14.21,341572.44,3.51,859291.55,9.01,305271,3.2,687092.9,6.76,246573.34,2.42,40955.85,0.42,14442.07,0.15,131242.8,1.84,44255.6,0.63,0.35
rad13,CVL,Centre-Val de Loire,Feuillu,s,739655.58,134548721.1,181.94,69380930.87,93.82,14459076.3,19.52,5091751.97,6.87,3840892.71,5.2,1943988.89,2.63,1797601.25,2.4,895015.25,1.19,534167.26,0.71,275446.85,0.37,1509124.2,2.09,773526.79,1.07,0.52
rad13,CVL,Centre-Val de Loire,Mixte,s,81386.44,17048292.12,208.73,7280831.76,89.12,1674488.98,20.98,499525.69,6.2,549976.26,6.75,228894.38,2.8,153150.86,2.58,62654.76,1.05,36909.27,0.68,15762.88,0.29,359916.14,3.49,150476.74,1.46,0.43
rad13,GES,Grand Est,Conifere,s,244521.8,83293189.35,339.79,24999968.35,101.98,10245073.14,41.83,2297402.06,9.36,2920446.36,11.94,880852.27,3.6,2715644.56,10.92,792866.3,3.18,299056.78,1.15,89760.16,0.35,-94254.98,-0.14,-1774.19,0.07,0.3
rad13,GES,Grand Est,Feuillu,s,1352847.99,262269221,193.84,135499942.1,100.15,34144736.86,25.16,10928595.49,8.05,7584152.54,5.62,3867512.28,2.87,4625990.17,3.54,2419859.79,1.85,868268.29,0.66,448586.01,0.34,2089894.08,1.41,999066.47,0.67,0.52
rad13,GES,Grand Est,Mixte,s,245093.81,66808712.37,271.03,25251048.32,102.59,10830810.13,43.84,2793122.32,11.29,2143607.2,8.81,798328.9,3.28,1349391.21,6.56,489191.5,2.39,284194.62,1.23,107414.32,0.47,510021.37,1.02,201723.08,0.43,0.38
rad13,HDF,Hauts-de-France,Conifere,n.s,NA,NA,NA,NA,NA,NA,NA,NA,NA,NA,NA,NA,NA,NA,NA,NA,NA,NA,NA,NA,NA,NA,NA,NA,NA,NA
rad13,HDF,Hauts-de-France,Feuillu,s,389898.32,73325706.3,188,37927090.36,97.25,7347362.22,18.74,2416736.79,6.16,2338459.4,6.03,1166394.66,3.01,1307450.02,3.68,677880.33,1.91,181677.56,0.51,93971.16,0.27,849331.81,1.84,394543.17,0.84,0.52
rad13,HDF,Hauts-de-France,Mixte,n.s,NA,NA,NA,NA,NA,NA,NA,NA,NA,NA,NA,NA,NA,NA,NA,NA,NA,NA,NA,NA,NA,NA,NA,NA,NA,NA
rad13,IDF,Ile-de-France,Conifere,n.s,NA,NA,NA,NA,NA,NA,NA,NA,NA,NA,NA,NA,NA,NA,NA,NA,NA,NA,NA,NA,NA,NA,NA,NA,NA,NA
rad13,IDF,Ile-de-France,Feuillu,s,224015.09,45322475.8,202.49,23244158.32,103.99,4620833.4,20.36,1596164.44,7.04,1132726.46,5.04,569214.52,2.53,373091.55,1.72,190949.93,0.88,143128.9,0.67,73405.32,0.34,616506.01,2.65,304859.27,1.31,0.51
rad13,IDF,Ile-de-France,Mixte,n.s,NA,NA,NA,NA,NA,NA,NA,NA,NA,NA,NA,NA,NA,NA,NA,NA,NA,NA,NA,NA,NA,NA,NA,NA,NA,NA
rad13,NAQ,Nouvelle-Aquitaine,Conifere,s,754097.3,123661224.2,164.1,44353691.82,58.84,7720610.19,10.25,1916632.12,2.54,7770504.21,10.37,2867452.83,3.83,6449697.6,9.16,2333174.8,3.31,164319.93,0.23,58936.79,0.08,1156486.68,0.98,475341.24,0.43,0.36
rad13,NAQ,Nouvelle-Aquitaine,Feuillu,s,1387720.6,238689894.7,172.02,128201297.4,92.4,45339734.95,32.62,15421421.6,11.09,7841363.82,5.65,4032270.8,2.9,3234494.63,2.33,1596769.4,1.15,1209757.16,0.87,649765.41,0.47,3397112.03,2.46,1785735.99,1.29,0.54
rad13,NAQ,Nouvelle-Aquitaine,Mixte,s,182275.51,37387100.9,205.35,16095902.02,88.62,5707731.62,31.1,1662801.87,9,1383208.53,7.5,570527.24,3.1,835603.57,4.13,309306.62,1.53,109199.86,0.54,47012.74,0.23,438405.09,2.83,214207.88,1.34,0.43
rad13,NOR,Normandie,Conifere,s,45777.95,11004350.06,239.85,3578639.08,77.94,297464.12,6.47,72014.64,1.54,521967.29,11.43,168373.96,3.69,365993.65,8.9,116237.75,2.82,27230.29,0.59,8855.35,0.19,128743.35,1.95,43280.86,0.68,0.33
rad13,NOR,Normandie,Feuillu,s,317989.22,62232867.04,195.09,32825801.65,102.92,4092256.13,13.02,1339399.71,4.25,1753139.29,5.48,904103.79,2.83,1089171.98,3.28,579019.37,1.74,109559.05,0.33,57788.82,0.17,554408.25,1.88,267295.6,0.91,0.53
rad13,NOR,Normandie,Mixte,s,29067.44,5893175.58,207.06,2339905.23,82.74,421017.29,12.81,131814.05,4.02,198258.29,7.12,77440.13,2.82,79993.6,4.84,34977.52,2.19,5925.94,0.25,2352.92,0.1,112338.75,2.03,40109.69,0.53,0.4
rad13,OCC,Occitanie,Conifere,s,403916.44,79883673.66,199.1,27192629.05,67.65,7810776.51,19.41,1955268.44,4.86,2907024.87,7.22,965264.9,2.4,1682182.73,3.9,538204.68,1.24,164719.43,0.38,56070.96,0.13,1060122.72,2.94,370989.26,1.03,0.34
rad13,OCC,Occitanie,Feuillu,s,1613136.05,212104818.1,131.48,124044881.9,76.89,34811386.22,21.55,14257273.79,8.83,5451667.33,3.38,3058414.29,1.89,1380715.26,0.81,757508.22,0.44,972497.76,0.57,568744.13,0.33,3098454.32,2,1732161.94,1.12,0.58
rad13,OCC,Occitanie,Mixte,s,199879.14,37497270.25,188.37,15532372.02,77.81,4349093.47,21.58,1341981.45,6.66,1201785.7,6.01,472431.87,2.36,333643.95,1.72,134052.96,0.69,134168.53,0.67,55576.19,0.28,733973.22,3.63,282802.71,1.39,0.41
rad13,PAC,Provence-Alpes-Cote d'Azur,Conifere,s,517577.59,64889900.47,125.31,25464248.33,49.17,7949960.16,15.34,2249446.29,4.34,1566266.4,3.03,608871.87,1.18,469190.44,0.94,181520.45,0.36,162028.33,0.32,63583.54,0.13,935047.64,1.77,363767.87,0.69,0.39
rad13,PAC,Provence-Alpes-Cote d'Azur,Feuillu,s,504615.55,33046043.36,65.01,22131530.37,43.58,5204458.77,10.36,2246191.87,4.46,804336.12,1.58,523918.09,1.03,142047.62,0.29,100952.87,0.2,161666.21,0.33,108270.77,0.22,500622.28,0.96,314694.45,0.6,0.67
rad13,PAC,Provence-Alpes-Cote d'Azur,Mixte,s,280611.84,23984162.54,85.67,12518666.77,44.67,3779458.77,13.39,1332407.41,4.73,630139.63,2.27,315669.8,1.14,103311.12,0.41,50146.03,0.2,66637.45,0.24,34781.79,0.13,460191.06,1.62,230741.98,0.81,0.52
rad13,PDL,Pays de la Loire,Conifere,s,68862.25,13654320.76,198.55,4997077.16,72.49,804599.74,11.38,210455.89,2.97,718290.62,10.44,258665.14,3.75,517073.58,7.32,184340.49,2.6,15342.9,0.22,5615.05,0.08,185874.15,2.89,68709.61,1.07,0.37
rad13,PDL,Pays de la Loire,Feuillu,s,248821.61,43982004.47,176.57,22819880.87,91.63,3696703,14.84,1281054.61,5.14,1417640.02,5.72,721271.95,2.91,645086.71,2.84,308860.2,1.36,115771.11,0.5,60067.36,0.26,656782.19,2.38,352344.39,1.29,0.52
rad13,PDL,Pays de la Loire,Mixte,n.s,NA,NA,NA,NA,NA,NA,NA,NA,NA,NA,NA,NA,NA,NA,NA,NA,NA,NA,NA,NA,NA,NA,NA,NA,NA,NA
rad13,ARA,Auvergne-Rhone-Alpes,total hors peupleraie hors indetermine,s,2254514.54,529229848.8,234.92,218687892.9,97.06,86923031.69,38.56,25137772.73,11.15,15509158.99,6.88,6137282.27,2.72,7953259.87,3.47,2800866.07,1.22,2234787.24,0.98,923456.82,0.4,5321111.87,2.43,2412959.38,1.1,0.41
rad13,BFC,Bourgogne-Franche-Comte,total hors peupleraie hors indetermine,s,1657372.07,384041006,231.72,173414889.1,104.65,42851668.68,25.86,12820011.97,7.74,11044849.04,6.67,4771006.52,2.88,7444883.08,4.54,3114876.42,1.9,1333934.01,0.82,602341.98,0.37,2266031.94,1.31,1053788.12,0.61,0.45
rad13,BRE,Bretagne,total hors peupleraie hors indetermine,s,396477.1,78720417.19,198.39,37266525.42,93.83,8945608.17,22.69,2946698.44,7.48,2764396.18,7.01,1229678.69,3.11,1369779.98,3.82,524299.51,1.46,280726.95,0.77,132897.14,0.37,1113889.26,2.41,572482.04,1.28,0.47
rad13,COR,Corse,total hors peupleraie hors indetermine,s,364061.46,38344800.82,105.67,27028365.88,74.62,7093272.67,19.36,2993959.76,8.23,813675.21,2.24,531882.27,1.46,60388.5,0.18,38421.3,0.11,126517.04,0.36,89178.95,0.26,626769.67,1.69,404282.03,1.09,0.7
rad13,CVL,Centre-Val de Loire,total hors peupleraie hors indetermine,s,916297.64,173648821.9,189.49,84437786.98,92.14,17511665.11,19.07,5847963.65,6.37,5250160.53,5.74,2478154.27,2.71,2637845,2.9,1204243.34,1.33,612032.38,0.68,297604.44,0.33,2000283.14,2.16,976306.49,1.05,0.49
rad13,GES,Grand Est,total hors peupleraie hors indetermine,s,1842463.6,412371122.7,223.85,185750958.7,100.82,55220620.13,29.93,16225751.06,8.79,12648206.11,6.88,5546693.44,3.02,8691025.94,4.94,3701917.6,2.1,1451519.7,0.82,653831.37,0.37,2505660.47,1.13,1190944.48,0.55,0.45
rad13,HDF,Hauts-de-France,total hors peupleraie hors indetermine,s,410578.88,78340488.94,190.81,39751034.72,96.8,7827629.76,19,2542065.51,6.17,2502445.77,6.13,1226260.4,3,1551636.26,4.07,763599.49,2,191264.06,0.5,97050,0.25,759545.46,1.56,365610.92,0.75,0.51
rad13,IDF,Ile-de-France,total hors peupleraie hors indetermine,s,247957.14,49339614.45,199.42,24875962.78,100.66,4992739.26,19.86,1687353.01,6.72,1237710.6,4.98,612221.81,2.46,408880.78,1.7,204406.62,0.85,155817.21,0.65,78559.65,0.33,673012.61,2.63,329255.54,1.29,0.5
rad13,NAQ,Nouvelle-Aquitaine,total hors peupleraie hors indetermine,s,2324093.42,399738219.8,171.97,188650891.3,81.16,58768076.76,25.28,18186989.33,7.82,16995076.55,7.32,7470250.87,3.22,10519795.81,4.56,4239250.82,1.84,1483276.95,0.64,700011.92,0.3,4992003.8,2.12,2530988.14,1.08,0.47
rad13,NOR,Normandie,total hors peupleraie hors indetermine,s,392834.62,79130392.68,201.2,38744345.96,98.49,4810737.53,12.36,1527888.85,3.92,2473364.86,6.28,1149917.88,2.92,1535159.23,3.89,730234.64,1.85,142715.29,0.36,69877.2,0.18,795490.35,2.03,349806.03,0.89,0.49
rad13,OCC,Occitanie,total hors peupleraie hors indetermine,s,2216931.63,329485762,148.86,166769883,75.3,46971256.2,21.18,16917733.47,7.64,9560477.91,4.31,4496111.06,2.03,3396541.94,1.46,1429765.87,0.61,1271385.71,0.55,643514.44,0.28,4892550.25,2.31,2422830.75,1.14,0.51
rad13,PAC,Provence-Alpes-Cote d'Azur,total hors peupleraie hors indetermine,s,1302804.98,121920106.4,93.65,60114445.48,46.19,16933877.7,12.96,5734518.21,4.39,3000742.15,2.31,1448459.76,1.11,714549.18,0.57,332619.35,0.27,390331.99,0.31,192458.75,0.15,1895860.97,1.43,923381.65,0.7,0.49
rad13,PDL,Pays de la Loire,total hors peupleraie hors indetermine,s,339815.24,62278087.86,182.98,29789994.21,87.55,4884744.57,14.34,1594271.87,4.68,2336890.29,6.88,1063501.68,3.13,1383020.58,4.13,585098.89,1.75,155028.49,0.46,74156.06,0.22,798841.21,2.28,404246.73,1.16,0.48
bassin_populicole,Nord,Nord,Peupleraie,s,37872.27,6793013.88,180.86,2033999.51,53.98,312158.42,8.54,69203.54,1.9,514993.22,13.49,153594.35,4.02,389632.27,9.82,114201.81,2.86,29543.56,0.59,8846.09,0.18,95817.39,3.08,30546.45,0.98,0.3
bassin_populicole,Nord-Est,Nord-Est,Peupleraie,s,26329.1,4947436.4,188.96,1493595.67,56.9,538514.93,19.71,137234.86,5.02,511004.13,18.85,147702.34,5.44,515798.08,17.77,144643.86,4.97,41886.21,1.46,12645.15,0.44,-46680.16,-0.38,-9586.67,0.03,0.3
bassin_populicole,Nord-Ouest,Nord-Ouest,Peupleraie,s,41589.77,9622010.17,222.85,2989672.81,69.56,560866.84,13.51,125445.51,3.01,608981.34,14.45,180918.07,4.29,436697.78,12.01,118900.43,3.27,36371.47,0.99,11301.05,0.31,135912.09,1.44,50716.59,0.71,0.31
bassin_populicole,Sud,Sud,Peupleraie,s,32689.21,6464038.05,197.34,1953028.87,59.38,650152.23,20.26,137562.92,4.32,672991.99,19.46,193267.06,5.59,882375.61,21.89,237022.86,5.87,6787.93,0.16,2050.89,0.05,-216171.55,-2.58,-45806.69,-0.33,0.3
France,France,France,Conifere,s,3057102.2,710791382.3,232.64,235456174,77.06,75812998.76,24.8,18413885.44,6.02,27615564.2,9.03,9198627.45,3.01,21366017.63,6.97,6958287.31,2.27,1958914.04,0.64,648908.27,0.21,4290632.53,1.43,1591431.87,0.53,0.33
France,France,France,Feuillu,s,9771953.64,1635439619,167.38,882774902.4,90.35,231681380.7,23.68,81492437.25,8.33,46217652.62,4.73,24178903.36,2.48,20376045.06,2.09,10492954.47,1.08,6367393.45,0.65,3436981.14,0.35,19474214.11,1.99,10248967.74,1.05,0.54
France,France,France,Mixte,s,1837146.48,390357688.4,212.41,157051900.1,85.46,56240548.73,30.61,15730881.92,8.56,12303937.36,6.71,4783890.13,2.61,5924703.45,3.4,2218358.14,1.27,1503029.53,0.86,604711.14,0.35,4876204.37,2.46,1960820.85,0.99,0.4
France,France,France,Peupleraie,s,138480.34,27826498.51,200.15,8470296.85,60.95,2061692.42,15.24,470375.07,3.48,2307970.68,16.51,675481.82,4.83,2224503.73,15.29,614768.97,4.22,114589.17,0.76,34880.58,0.23,-31122.22,0.46,25832.27,0.38,0.3
France,France,France,total hors peupleraie hors indetermine,s,14666202.31,2736588689,186.64,1275282976,86.97,363734928.2,24.79,114406046.9,7.8,86137154.18,5.88,38161420.93,2.6,47666766.14,3.28,19669599.92,1.35,9829337.02,0.68,4580588.32,0.31,28641051.01,1.92,13911232.69,0.94,0.47
France,France,France,total avec peupleraie hors indetermine,s,14804682.65,2764415188,186.77,1283753273,86.73,365796620.7,24.69,114753869.9,7.75,88445124.86,5.98,38836902.75,2.63,49891269.88,3.4,20284368.89,1.38,9943926.19,0.68,4617811.34,0.31,28609928.79,1.91,13934722.52,0.93,0.46
France,France,France,total avec peupleuraie avec indetermine,s,15937605.62,2770274045,173.88,1287293807,80.79,380003750.3,23.83,118363675.1,7.42,88768482.1,5.57,39016877.3,2.45,50079788.79,3.14,20372207.97,1.28,9967272.04,0.63,4631602.28,0.29,28721421.27,1.8,14013067.05,0.88,0.46
