type_localisation,code_localisation,nom_localisation,composition,surface_ic,surface_(ha),volume_(m3),volume_(m3∙ha-1),carbone_(tC),carbone_(tC∙ha-1),bois_mort_volume_(m3),bois_mort_volume_(m3∙ha-1),bois_mort_carbone_(tC),bois_mort_carbone_(tC∙ha-1),production_volume_(m3∙an-1),production_volume_(m3∙ha-1∙an-1),production_carbone_(tC∙an-1),production_carbone_(tC∙ha-1∙an-1),prelevement_volume_(m3∙an-1),prelevement_volume_(m3∙ha-1∙an-1),prelevements_carbone_(tC∙an-1),prelevement_carbone_(tC∙ha-1∙an-1),mortalite_volume_(m3∙an-1),mortalite_volume_(m3∙ha-1∙an-1),mortalite_carbone_(tC∙an-1),mortalite_carbone_(tC∙ha-1∙an-1),bilan_volume_(m3∙an-1),bilan_volume_(m3∙ha-1∙an-1),bilan_carbone_(tC∙an-1),bilan_carbone_(tC∙ha-1∙an-1),fexp_vol_carb
groupeser,A1,Grand_ouest_1,Conifere,s,54146.84,13742150.11,247.74,4608048.59,83.34,1224169.36,21.17,318339.03,5.58,630236.26,11.43,201841.73,3.67,742642.89,13.24,229400,4.11,73536.49,1.21,24658.42,0.41,-185943.12,-3.02,-52216.69,-0.85,0.34
groupeser,A1,Grand_ouest_1,Feuillu,s,342679.83,59469228.05,173.59,32393743.42,94.55,7986656.67,23.14,2666256.96,7.74,1807280.05,5.28,923979.19,2.7,469388.76,1.48,229883.92,0.73,184393.15,0.58,100441.6,0.32,1153498.14,3.22,593653.67,1.66,0.54
groupeser,A1,Grand_ouest_1,Mixte,s,39374.74,9594787.61,242.88,3926933.91,99.8,1260364.89,34.99,335487.33,9.21,374980.17,9.65,145108.86,3.74,342391.88,9.95,114645.7,3.34,35876.96,1.06,14683.65,0.43,-3288.67,-1.37,15779.52,-0.03,0.41
groupeser,AX,Grand_ouest_2_et_3,Conifere,s,35378.19,8770249.82,244.86,3288656.39,91.95,927472.09,25.42,262278.61,7.12,362898.99,10.35,131697.68,3.75,215745.59,5.88,80145.64,2.18,20863.58,0.61,7823.4,0.23,126289.82,3.85,43728.64,1.34,0.37
groupeser,AX,Grand_ouest_2_et_3,Feuillu,s,215435.96,36219550.75,168.48,19759736.68,91.95,4609257.61,21.41,1646686.3,7.65,1187358.86,5.53,619749.06,2.89,202391.46,1.09,106703.99,0.57,120854.73,0.67,65932.83,0.37,864112.67,3.78,447112.24,1.95,0.55
groupeser,AX,Grand_ouest_2_et_3,Mixte,s,24377.18,5041291.44,204.58,2313867.53,94.51,567677.15,21.15,180454.37,6.77,194424.51,7.85,86082.24,3.46,95582.03,3.94,41827.93,1.74,20122.73,0.75,9235.99,0.34,78719.74,3.16,35018.32,1.38,0.46
groupeser,B3,Centre_nord_semi_oceanique_3,Conifere,s,28054.38,7607226.68,295.06,2507641.09,96.72,670097.63,25.87,149797.9,5.75,308164.81,11.99,102528.99,3.95,242565.56,8.02,77984.84,2.57,19537.65,0.64,6440.38,0.21,46061.6,3.33,18103.78,1.17,0.33
groupeser,B3,Centre_nord_semi_oceanique_3,Feuillu,s,284115.71,63627415.59,222.81,32604713.45,114.15,6028277.45,21.06,1986771.74,6.95,1660401.81,5.82,841565.21,2.95,792065.64,2.91,410701.04,1.51,183800.21,0.68,94185.08,0.35,684535.95,2.22,336679.09,1.09,0.51
groupeser,B3,Centre_nord_semi_oceanique_3,Mixte,n.s,NA,NA,NA,NA,NA,NA,NA,NA,NA,NA,NA,NA,NA,NA,NA,NA,NA,NA,NA,NA,NA,NA,NA,NA,NA,NA
groupeser,B4,Centre_nord_semi_oceanique_4,Conifere,s,38583.37,6404286.39,162.35,2259708.05,57.62,837498.71,20.3,204062.18,4.98,225864.59,5.78,79085.82,2.04,145006.86,3.79,45662.64,1.19,15626.76,0.41,5513.79,0.15,65230.97,1.58,27909.38,0.7,0.35
groupeser,B4,Centre_nord_semi_oceanique_4,Feuillu,s,554325.58,109870704.69,198.18,55696887.19,100.48,18070802.42,32.38,6117584.45,10.96,2959072.28,5.34,1449968.75,2.62,1480894.43,2.75,727946.5,1.35,739291.57,1.38,374769.96,0.7,738886.28,1.21,347252.3,0.57,0.51
groupeser,B4,Centre_nord_semi_oceanique_4,Mixte,s,36661.17,5942871.95,161.26,2476572.52,67.47,1664936.55,45.48,463420.78,12.59,162870.86,4.39,69147.27,1.88,35022.02,1.07,13232.51,0.41,25131.99,0.84,10473.25,0.35,102716.85,2.49,45441.51,1.12,0.42
groupeser,B5,Centre_nord_semi_oceanique_5,Conifere,n.s,NA,NA,NA,NA,NA,NA,NA,NA,NA,NA,NA,NA,NA,NA,NA,NA,NA,NA,NA,NA,NA,NA,NA,NA,NA,NA
groupeser,B5,Centre_nord_semi_oceanique_5,Feuillu,s,434065.54,97055584.94,223.47,49428895.69,113.82,12400364.42,28.68,4188643.65,9.69,2477183.63,5.72,1249930.54,2.89,1248711.14,3.11,604242.57,1.51,467606.21,1.16,238144.55,0.59,760866.28,1.45,407543.42,0.79,0.51
groupeser,B5,Centre_nord_semi_oceanique_5,Mixte,n.s,NA,NA,NA,NA,NA,NA,NA,NA,NA,NA,NA,NA,NA,NA,NA,NA,NA,NA,NA,NA,NA,NA,NA,NA,NA,NA
groupeser,B6,Centre_nord_semi_oceanique_6,Conifere,s,63362.7,15472995.3,243.5,5699971.72,89.63,1151104.88,18.33,285839.3,4.55,660289.57,10.5,234823.45,3.74,516522.9,8.83,192970.67,3.3,17035.88,0.32,6275.71,0.12,126730.79,1.35,35577.07,0.32,0.37
groupeser,B6,Centre_nord_semi_oceanique_6,Feuillu,s,226484.14,46702535.01,206.17,23755520.62,104.92,6462532.4,28.5,2291861.28,10.12,1267651.53,5.59,640991.17,2.83,591617.11,2.49,283731.99,1.19,282186.98,1.21,143536.07,0.61,393847.44,1.9,213723.11,1.03,0.51
groupeser,B6,Centre_nord_semi_oceanique_6,Mixte,s,30609.29,7643439.1,248.12,3192797.81,103.12,943716.31,31.17,284287.47,9.6,246927.69,7.83,98755.42,3.13,76976.96,3.89,30094.23,1.52,40708.88,1.55,17004.81,0.65,129241.85,2.4,51656.37,0.96,0.42
groupeser,B7,Centre_nord_semi_oceanique_7,Conifere,s,58628.73,12567213.69,214.57,4356278.58,74.42,758743.2,13.1,195423.08,3.39,422046.4,7.16,147105.37,2.5,223794.59,3.69,80729.25,1.33,68840.59,1.12,23862.79,0.39,129411.21,2.35,42513.32,0.78,0.35
groupeser,B7,Centre_nord_semi_oceanique_7,Feuillu,s,249437.57,40004750.64,159.95,20468350.08,81.81,5525224.82,22.04,1968612.98,7.85,1110643.77,4.45,547361.07,2.19,474098.91,2.05,253939.1,1.1,286749.62,1.24,146714.87,0.64,349795.24,1.16,146707.1,0.46,0.51
groupeser,B7,Centre_nord_semi_oceanique_7,Mixte,s,58373.38,10152651.07,172.92,4374911.82,75.01,1242023.61,20.69,347522.86,5.77,336837.09,5.84,141178.6,2.45,191793.69,4.07,77356.7,1.61,62714.1,1.31,27024.34,0.56,82329.3,0.46,36797.56,0.28,0.43
groupeser,B8,Centre_nord_semi_oceanique_8,Conifere,n.s,NA,NA,NA,NA,NA,NA,NA,NA,NA,NA,NA,NA,NA,NA,NA,NA,NA,NA,NA,NA,NA,NA,NA,NA,NA,NA
groupeser,B8,Centre_nord_semi_oceanique_8,Feuillu,s,159185.1,25526278.26,161.16,13933646.28,87.82,4874331.72,30.64,1773027.07,11.19,754863.51,4.78,403977.04,2.55,382856.1,2.5,200356.47,1.31,220608.59,1.4,120420.3,0.76,151398.82,0.88,83200.27,0.48,0.55
groupeser,B8,Centre_nord_semi_oceanique_8,Mixte,n.s,NA,NA,NA,NA,NA,NA,NA,NA,NA,NA,NA,NA,NA,NA,NA,NA,NA,NA,NA,NA,NA,NA,NA,NA,NA,NA
groupeser,B9,Centre_nord_semi_oceanique_9,Conifere,n.s,NA,NA,NA,NA,NA,NA,NA,NA,NA,NA,NA,NA,NA,NA,NA,NA,NA,NA,NA,NA,NA,NA,NA,NA,NA,NA
groupeser,B9,Centre_nord_semi_oceanique_9,Feuillu,s,262344.47,55835640.2,212.78,29005012.65,110.55,8049860,30.58,2884008.74,10.96,1322408.19,5.05,685496.03,2.62,735480.52,3.12,389643.34,1.65,407944.84,1.75,211915.64,0.91,178982.83,0.18,83937.05,0.06,0.52
groupeser,B9,Centre_nord_semi_oceanique_9,Mixte,n.s,NA,NA,NA,NA,NA,NA,NA,NA,NA,NA,NA,NA,NA,NA,NA,NA,NA,NA,NA,NA,NA,NA,NA,NA,NA,NA
groupeser,BX,Centre_nord_semi_oceanique_1_et_2,Conifere,n.s,NA,NA,NA,NA,NA,NA,NA,NA,NA,NA,NA,NA,NA,NA,NA,NA,NA,NA,NA,NA,NA,NA,NA,NA,NA,NA
groupeser,BX,Centre_nord_semi_oceanique_1_et_2,Feuillu,s,281585.49,55329031.43,197.12,29802489.86,106.21,6038131.51,21.44,2063095.18,7.34,1677547.96,5.98,858052.74,3.06,1103705.9,4.01,579703.72,2.11,179880.47,0.65,96891.01,0.35,393961.6,1.32,181458.01,0.6,0.54
groupeser,BX,Centre_nord_semi_oceanique_1_et_2,Mixte,n.s,NA,NA,NA,NA,NA,NA,NA,NA,NA,NA,NA,NA,NA,NA,NA,NA,NA,NA,NA,NA,NA,NA,NA,NA,NA,NA
groupeser,C1,Grand_est_semi_continental_1,Conifere,n.s,NA,NA,NA,NA,NA,NA,NA,NA,NA,NA,NA,NA,NA,NA,NA,NA,NA,NA,NA,NA,NA,NA,NA,NA,NA,NA
groupeser,C1,Grand_est_semi_continental_1,Feuillu,s,91620.49,17715938.28,192.88,9303477.68,101.17,2356086.98,25.05,801857.04,8.49,474756.57,5.21,245110.29,2.68,243362.19,2.71,130700.47,1.45,80014.61,0.88,42019.46,0.46,151379.76,1.62,72390.35,0.77,0.53
groupeser,C1,Grand_est_semi_continental_1,Mixte,n.s,NA,NA,NA,NA,NA,NA,NA,NA,NA,NA,NA,NA,NA,NA,NA,NA,NA,NA,NA,NA,NA,NA,NA,NA,NA,NA
groupeser,C2,Grand_est_semi_continental_2,Conifere,s,51300.66,12953628.69,249.77,4173615.69,80.39,1820282.11,35.64,478700.6,9.39,560908.27,10.75,177634.2,3.41,825182.64,14.76,235690.27,4.21,133687.57,2.26,43073.69,0.73,-397961.94,-6.27,-101129.76,-1.53,0.32
groupeser,C2,Grand_est_semi_continental_2,Feuillu,s,970448.86,162281885,167.05,87486345.12,90.05,27675768.83,28.38,9509668.21,9.75,3994910.21,4.13,2124892.39,2.19,2083311.96,2.31,1136515.35,1.26,1163056.43,1.28,627005.02,0.69,748541.81,0.54,361372.03,0.25,0.54
groupeser,C2,Grand_est_semi_continental_2,Mixte,s,70855.2,15120803.99,212.51,6081265.68,85.21,2376182.44,34.42,711692.84,10.3,473953.41,6.46,180075.52,2.47,517939.99,5.09,171315.85,1.69,382027.72,3.77,153643.42,1.52,-426014.31,-2.4,-144883.75,-0.73,0.4
groupeser,C3,Grand_est_semi_continental_3,Conifere,n.s,NA,NA,NA,NA,NA,NA,NA,NA,NA,NA,NA,NA,NA,NA,NA,NA,NA,NA,NA,NA,NA,NA,NA,NA,NA,NA
groupeser,C3,Grand_est_semi_continental_3,Feuillu,s,319776.48,67068679.64,210.54,35075322.13,110.01,10086404.1,31.14,3355907.83,10.4,1651944.46,5.2,848245.66,2.67,1422952.51,4.59,754655.45,2.43,341763.15,1.11,178733.99,0.58,-112771.2,-0.51,-85143.77,-0.35,0.52
groupeser,C3,Grand_est_semi_continental_3,Mixte,n.s,NA,NA,NA,NA,NA,NA,NA,NA,NA,NA,NA,NA,NA,NA,NA,NA,NA,NA,NA,NA,NA,NA,NA,NA,NA,NA
groupeser,C4,Grand_est_semi_continental_4,Conifere,n.s,NA,NA,NA,NA,NA,NA,NA,NA,NA,NA,NA,NA,NA,NA,NA,NA,NA,NA,NA,NA,NA,NA,NA,NA,NA,NA
groupeser,C4,Grand_est_semi_continental_4,Feuillu,s,116413.78,24349697.71,208.84,12301657.56,105.56,4141183.75,35.56,1332056.48,11.42,658556.76,5.66,327987.54,2.82,409907.15,3.94,214582.93,2.06,242418.87,2.28,122471.91,1.15,6230.74,-0.57,-9067.3,-0.39,0.51
groupeser,C4,Grand_est_semi_continental_4,Mixte,n.s,NA,NA,NA,NA,NA,NA,NA,NA,NA,NA,NA,NA,NA,NA,NA,NA,NA,NA,NA,NA,NA,NA,NA,NA,NA,NA
groupeser,C5,Grand_est_semi_continental_5,Conifere,n.s,NA,NA,NA,NA,NA,NA,NA,NA,NA,NA,NA,NA,NA,NA,NA,NA,NA,NA,NA,NA,NA,NA,NA,NA,NA,NA
groupeser,C5,Grand_est_semi_continental_5,Feuillu,s,405400.01,80550026.59,198.62,41695927.83,102.82,14972902.9,36.83,5316555.76,13.08,2471973.13,6.09,1245498.23,3.07,1423972.89,3.45,713245.8,1.73,719298.58,1.74,372337.83,0.9,328701.66,0.89,159914.6,0.44,0.52
groupeser,C5,Grand_est_semi_continental_5,Mixte,s,27828.62,8373982.57,296.07,3188759.58,113.84,1102715.72,40.99,317548.5,11.82,227582.68,8.12,83113.18,2.99,121056.26,5.27,48565.03,2.05,86039.24,3.1,32763.2,1.18,20487.18,-0.25,1784.95,-0.24,0.38
groupeser,D1,Vosges,Conifere,s,180815.68,68206887.37,376.71,20683262.11,114.27,9984048.97,54.73,2239425.74,12.29,1969181.98,10.96,580812.28,3.23,1729474.39,10.4,488981.25,2.94,257891.32,1.57,78203.74,0.48,-18183.74,-1.01,13627.29,-0.19,0.3
groupeser,D1,Vosges,Feuillu,s,244901.23,59761352.55,244.21,29583544.58,120.87,9042547.16,36.84,3050273.6,12.43,1527233.31,6.24,730206.95,2.98,961744.68,4.03,490805.24,2.05,261590.4,1.09,129494.58,0.54,303898.24,1.12,109907.13,0.39,0.5
groupeser,D1,Vosges,Mixte,s,130099.68,36612720.63,282.43,13918784.43,107.28,6456121.62,49.79,1753974.86,13.49,1109715.45,8.47,407039.52,3.1,932164,5.89,320646.78,2.03,407202.7,2.55,154803.21,0.97,-229651.25,0.03,-68410.47,0.11,0.38
groupeser,E1,Jura_1,Conifere,n.s,NA,NA,NA,NA,NA,NA,NA,NA,NA,NA,NA,NA,NA,NA,NA,NA,NA,NA,NA,NA,NA,NA,NA,NA,NA,NA
groupeser,E1,Jura_1,Feuillu,s,195100.54,32404753.89,165.56,17014274.72,87.04,6702289.21,34.06,2614814.51,13.31,795620.34,4.06,410174.63,2.09,320059.14,1.59,171917.06,0.85,381663.64,1.9,200394.37,1,93897.55,0.57,37863.21,0.25,0.53
groupeser,E1,Jura_1,Mixte,s,41179.06,11560064.76,279.96,4209100.73,101.7,927297.41,22.25,267745.66,6.43,415319.5,9.96,145356.8,3.49,346453.73,7.39,111040.22,2.37,210810.77,4.08,76757.68,1.49,-141945,-1.51,-42441.1,-0.37,0.36
groupeser,E2,Jura_2,Conifere,s,75086.31,30406701.66,404.58,8818656.83,117.52,2973730.96,40.36,676887.33,9.25,823376.92,10.84,229478.39,3.03,1342627.71,16.77,371975.2,4.64,284272.99,3.21,82445.84,0.93,-803523.78,-9.14,-224942.64,-2.54,0.29
groupeser,E2,Jura_2,Feuillu,s,58259.23,12511516.47,214.99,6101021,104.77,2479765.2,41.59,932510,15.64,246688.53,4.27,114160.29,1.98,52860.47,1.07,29152.2,0.61,88488.61,1.83,43149.91,0.89,105339.45,1.36,41858.17,0.48,0.49
groupeser,E2,Jura_2,Mixte,s,110623.48,30405930.43,276.87,10705364.61,97.38,6616957.87,59.24,1763429.94,15.72,828404.75,7.55,279499.8,2.54,710800.18,6.85,222669.52,2.14,229952.8,2.16,80962.12,0.76,-112348.23,-1.46,-24131.84,-0.36,0.35
groupeser,F1,Sud_ouest_oceanique_1,Conifere,s,30012,4940769.59,163.53,1874690.16,61.68,411338.52,12.98,122593.9,3.83,264037.73,8.71,98854.75,3.25,230954.65,8.36,85755.12,3.1,23271.38,0.82,8829.93,0.31,9811.7,-0.46,4269.7,-0.16,0.38
groupeser,F1,Sud_ouest_oceanique_1,Feuillu,s,378090.01,59875445.72,158.75,32596905.29,86.34,14929305.8,39.81,5468288.63,14.58,2096068.05,5.56,1103068.48,2.92,748468.04,1.98,363974.74,0.96,457731.78,1.24,249194.63,0.67,889868.23,2.35,489899.11,1.29,0.54
groupeser,F1,Sud_ouest_oceanique_1,Mixte,s,45283.46,10680019.46,235.9,4830033.07,106.06,1623402.36,34.35,540334.74,11.58,322012.57,7.28,136611.47,3.08,92495.52,2.92,40381.6,1.29,40535.6,1.23,18332.2,0.56,188981.46,3.13,77897.66,1.23,0.45
groupeser,F2,Sud_ouest_oceanique_2,Conifere,s,647608.98,87665047.45,135.8,33316788.44,51.61,3984633.34,6.25,1010794.48,1.59,7366777.44,11.46,2791861.62,4.35,4837974.76,8.52,1813407.21,3.19,72045.83,0.13,27380.76,0.05,2456756.85,2.81,951073.64,1.1,0.38
groupeser,F2,Sud_ouest_oceanique_2,Feuillu,s,204338.54,29414450.4,143.24,15567966.61,76.06,5900941.2,28.26,2035447.73,9.76,1088401.61,5.35,556855.99,2.75,311964.69,1.71,158585.19,0.87,126802.27,0.72,67111.69,0.38,649634.65,2.92,331159.11,1.5,0.53
groupeser,F2,Sud_ouest_oceanique_2,Mixte,s,75798.83,12692947.5,166.02,5766852.6,75.03,1511027.38,18.43,455256.85,5.58,579063.29,7.43,243109.4,3.1,225521.8,2.9,87265.77,1.12,33810.07,0.43,15361.1,0.19,319731.42,4.1,140482.53,1.78,0.45
groupeser,F3,Sud_ouest_oceanique_3,Conifere,n.s,NA,NA,NA,NA,NA,NA,NA,NA,NA,NA,NA,NA,NA,NA,NA,NA,NA,NA,NA,NA,NA,NA,NA,NA,NA,NA
groupeser,F3,Sud_ouest_oceanique_3,Feuillu,s,355089.66,60904255.66,171.58,34009669.7,95.84,10606101.87,29.88,4019032.16,11.32,1680050.13,4.74,907568.77,2.56,358913.99,1.08,184918.24,0.56,315928.69,0.95,176418.38,0.53,1005207.45,2.7,546232.15,1.47,0.56
groupeser,F3,Sud_ouest_oceanique_3,Mixte,n.s,NA,NA,NA,NA,NA,NA,NA,NA,NA,NA,NA,NA,NA,NA,NA,NA,NA,NA,NA,NA,NA,NA,NA,NA,NA,NA
groupeser,F4,Sud_ouest_oceanique_4,Conifere,n.s,NA,NA,NA,NA,NA,NA,NA,NA,NA,NA,NA,NA,NA,NA,NA,NA,NA,NA,NA,NA,NA,NA,NA,NA,NA,NA
groupeser,F4,Sud_ouest_oceanique_4,Feuillu,s,285444.39,26401131,91.69,16484319.72,57.24,3640646.23,12.5,1588298.64,5.46,572590,2,347780.63,1.22,118633.97,0.47,69560.84,0.28,97245.56,0.38,60718.12,0.24,356710.48,1.15,217501.68,0.7,0.62
groupeser,F4,Sud_ouest_oceanique_4,Mixte,n.s,NA,NA,NA,NA,NA,NA,NA,NA,NA,NA,NA,NA,NA,NA,NA,NA,NA,NA,NA,NA,NA,NA,NA,NA,NA,NA
groupeser,F5,Sud_ouest_oceanique_5,Conifere,n.s,NA,NA,NA,NA,NA,NA,NA,NA,NA,NA,NA,NA,NA,NA,NA,NA,NA,NA,NA,NA,NA,NA,NA,NA,NA,NA
groupeser,F5,Sud_ouest_oceanique_5,Feuillu,s,163566.23,29386426.74,179.89,16339817.71,100.05,6122659.2,37.2,2179760.45,13.28,868483.94,5.34,455459.31,2.8,186588.66,1.13,97605.9,0.59,151165.8,0.95,84053.15,0.53,530729.48,3.25,273800.26,1.68,0.56
groupeser,F5,Sud_ouest_oceanique_5,Mixte,n.s,NA,NA,NA,NA,NA,NA,NA,NA,NA,NA,NA,NA,NA,NA,NA,NA,NA,NA,NA,NA,NA,NA,NA,NA,NA,NA
groupeser,G1,Massif_central_1,Conifere,s,80844.86,23852525.23,295.07,7409433.61,91.72,1800563.72,22.31,443697.34,5.5,1174626.81,14.3,359377.08,4.38,1115652.68,11.72,326168.58,3.43,96210.77,1.05,29886.45,0.33,-37236.65,1.53,3322.05,0.62,0.31
groupeser,G1,Massif_central_1,Feuillu,s,481432.03,96076501.89,199.06,50521987.52,104.73,20967189.61,43.4,7196917.26,14.91,2893892.92,6,1448155.69,3,1173055.27,2.57,579521.51,1.27,655042.63,1.44,344455.25,0.76,1065795.01,1.99,524178.93,0.97,0.53
groupeser,G1,Massif_central_1,Mixte,s,61237.94,16701321.95,274.35,6770279.32,110.6,2319018.31,36.72,654775.92,10.33,634638.9,10.51,233630.9,3.87,688806.28,10.64,233890.13,3.59,143651.4,2.22,58232.52,0.9,-197818.78,-2.35,-58491.75,-0.63,0.41
groupeser,G2,Massif_central_2,Conifere,s,314000.46,110929655.23,352.81,33919398.21,107.85,12968590.58,41.12,2989486.75,9.48,3969440.79,12.69,1186622.22,3.79,3638361.75,12.1,1060593.68,3.53,385448.44,1.3,117860.09,0.4,-54369.41,-0.71,8168.44,-0.14,0.31
groupeser,G2,Massif_central_2,Feuillu,s,269095.61,51452979.17,191.13,27193998.37,101,8353225.59,31.07,2805060.8,10.45,1218398.75,4.53,623678.94,2.32,648444.83,2.47,321663.92,1.22,321697.51,1.21,170024.01,0.64,248256.41,0.86,131991.02,0.46,0.53
groupeser,G2,Massif_central_2,Mixte,s,136323.84,31655935.07,232.56,12536906.6,92.1,5774331.78,42.13,1652261.09,12.06,986190.84,7.25,370571.72,2.72,619917.78,4.91,215159.79,1.7,175784.96,1.32,69617.26,0.52,190488.1,1.02,85794.66,0.5,0.4
groupeser,G3,Massif_central_3,Conifere,s,39484.34,14228498.58,361.21,4423983.61,112.51,2154201.35,56.82,496663.45,13.14,422761.89,10.71,126194.05,3.2,304557.79,6.13,87169.77,1.75,83536.41,1.7,25973.49,0.53,34667.7,2.87,13050.79,0.92,0.31
groupeser,G3,Massif_central_3,Feuillu,s,81538.55,16157936.81,198.9,9151592.19,112.51,2442254.74,29.96,893163.35,10.97,310419.73,3.81,164056.37,2.01,13645.89,0.16,7564.89,0.09,74176.27,0.93,42012.23,0.52,222597.56,2.72,114479.26,1.4,0.57
groupeser,G3,Massif_central_3,Mixte,s,30374.6,8831347.97,302.5,3626041.58,123.1,1261236.16,36.46,349655.06,10.15,233374.03,7.82,90065.93,2.99,71674.94,2.68,23980.39,0.89,34693.82,1.31,14244.85,0.54,127005.27,3.83,51840.7,1.56,0.41
groupeser,G4,Massif_central_4,Conifere,s,80681.27,30735758.32,383.03,9389571.34,117.13,3550533.05,44.15,823498.14,10.21,1078296.12,13.45,326530.62,4.08,1136091.75,14.2,336782.03,4.23,165567.5,2.21,50579.78,0.68,-223363.13,-2.96,-60831.19,-0.83,0.31
groupeser,G4,Massif_central_4,Feuillu,s,115904.05,17695456.74,151.04,9679744.72,82.78,3832585.77,33.05,1544069.75,13.39,437681.51,3.72,231752,1.97,150847.89,1.34,79332.28,0.7,171391.57,1.49,93754.39,0.82,115442.04,0.89,58665.34,0.45,0.55
groupeser,G4,Massif_central_4,Mixte,s,50356.15,10338112.48,209.88,4390471.07,89.2,2511757.36,54.65,763517.43,16.79,339254.72,6.65,131078.41,2.56,46525.57,0.88,21777.08,0.42,78807.71,1.58,33468.68,0.67,213921.44,4.18,75832.65,1.47,0.42
groupeser,G5,Massif_central_5,Conifere,n.s,NA,NA,NA,NA,NA,NA,NA,NA,NA,NA,NA,NA,NA,NA,NA,NA,NA,NA,NA,NA,NA,NA,NA,NA,NA,NA
groupeser,G5,Massif_central_5,Feuillu,s,207529.58,35446847.48,170.44,20165267.11,96.91,10926434.67,52.13,4268015.65,20.34,835016.99,4.02,450095.54,2.17,236249.19,1.23,122056.89,0.64,260670.66,1.36,148292.27,0.77,338097.14,1.44,179746.37,0.76,0.57
groupeser,G5,Massif_central_5,Mixte,n.s,NA,NA,NA,NA,NA,NA,NA,NA,NA,NA,NA,NA,NA,NA,NA,NA,NA,NA,NA,NA,NA,NA,NA,NA,NA,NA
groupeser,G6,Massif_central_6,Conifere,s,77438.95,9711075.74,129.36,3552691.12,47.28,1160478.45,16.76,305804.61,4.41,280621.04,3.74,103519.23,1.38,54716.2,0.91,20440.57,0.34,10035.19,0.17,3671.26,0.06,215869.65,2.66,79407.4,0.98,0.37
groupeser,G6,Massif_central_6,Feuillu,s,76756.16,5897364.26,77.29,3688410.3,48.16,1013578.78,12.61,436443,5.54,144149.45,1.87,85613.1,1.11,18074.77,0.3,12261.3,0.2,36040.85,0.49,22541.16,0.31,90033.83,1.07,50810.63,0.59,0.63
groupeser,G6,Massif_central_6,Mixte,n.s,NA,NA,NA,NA,NA,NA,NA,NA,NA,NA,NA,NA,NA,NA,NA,NA,NA,NA,NA,NA,NA,NA,NA,NA,NA,NA
groupeser,G7,Massif_central_7,Conifere,s,68909,20940000,302.09,7198927.32,104.01,2740242.03,38.73,712233.41,10.08,642485.59,9.49,206539.36,3.06,456253.41,8.27,146638.79,2.72,62199.36,1.55,21383.41,0.53,124032.82,-0.33,38517.16,-0.19,0.34
groupeser,G7,Massif_central_7,Feuillu,s,145021.19,17138964.04,117.42,11279448.09,77.39,4787620.79,32.41,2469917.15,16.88,375009.2,2.57,227477.16,1.57,24775.33,0.19,13051.64,0.1,175080.8,1.32,115223.69,0.87,175153.07,1.05,99201.82,0.6,0.66
groupeser,G7,Massif_central_7,Mixte,n.s,NA,NA,NA,NA,NA,NA,NA,NA,NA,NA,NA,NA,NA,NA,NA,NA,NA,NA,NA,NA,NA,NA,NA,NA,NA,NA
groupeser,G8,Massif_central_8,Conifere,s,52112.82,21034952.2,399.6,6331297.58,120.31,1706840.25,32.24,394980.04,7.47,672577.29,12.98,192916.43,3.74,434357.96,8.7,128001.77,2.57,22423.77,0.47,6749.32,0.14,215795.56,3.82,58165.34,1.03,0.3
groupeser,G8,Massif_central_8,Feuillu,s,166631.5,24975050.64,150.39,14161456.96,85.31,3923850.48,23.54,1484491.84,8.94,638482.75,3.84,346679.54,2.08,88002.28,0.61,46337.76,0.32,120956,0.86,68584.98,0.49,429524.46,2.37,231756.81,1.28,0.57
groupeser,G8,Massif_central_8,Mixte,n.s,NA,NA,NA,NA,NA,NA,NA,NA,NA,NA,NA,NA,NA,NA,NA,NA,NA,NA,NA,NA,NA,NA,NA,NA,NA,NA
groupeser,G9,Massif_central_9,Conifere,n.s,NA,NA,NA,NA,NA,NA,NA,NA,NA,NA,NA,NA,NA,NA,NA,NA,NA,NA,NA,NA,NA,NA,NA,NA,NA,NA
groupeser,G9,Massif_central_9,Feuillu,s,85838.23,14120141.45,164.31,7350109.55,85.38,2521868.3,28.83,844582.95,9.63,356725.87,4.21,178886.71,2.11,61619.85,0.89,31781.84,0.46,100275.34,1.47,52197.4,0.77,194830.69,1.85,94907.47,0.89,0.52
groupeser,G9,Massif_central_9,Mixte,n.s,NA,NA,NA,NA,NA,NA,NA,NA,NA,NA,NA,NA,NA,NA,NA,NA,NA,NA,NA,NA,NA,NA,NA,NA,NA,NA
groupeser,H1,Alpes_1,Conifere,s,53232.67,24757163.24,459.04,7112919.98,131.94,3065531.38,57.64,684498.42,12.89,479943.99,8.87,127914.11,2.36,564465.57,8.98,152996.46,2.43,103563.43,1.57,29754.55,0.45,-188085.01,-1.68,-54836.9,-0.52,0.29
groupeser,H1,Alpes_1,Feuillu,s,69687.87,15366782.26,220.97,7827431.32,112.68,3367674.63,50.53,1126695.81,16.74,313229.9,4.5,152990.33,2.2,89201.93,1.31,40892.42,0.6,85508.7,1.23,43555.87,0.63,138519.27,1.96,68542.05,0.97,0.51
groupeser,H1,Alpes_1,Mixte,s,92528.75,31803180.12,343.34,11521636.96,124.26,4469832.93,48.97,1175955.18,12.86,725972.41,7.88,249164.37,2.71,89285.25,1.14,31149.4,0.39,274671.21,3.47,99507.72,1.26,362015.96,3.27,118507.24,1.06,0.36
groupeser,H2,Alpes_2,Conifere,s,70759.44,25190917.82,359.42,7484009.97,107.01,3558677.09,49.74,838682.88,11.8,517359.51,7.37,140817.77,2.01,232240.8,3.43,61013.63,0.9,123452.64,1.71,36676.74,0.51,161666.07,2.23,43127.4,0.6,0.3
groupeser,H2,Alpes_2,Feuillu,s,45461.25,8280080.41,182.78,4038588.41,90.18,1428265.78,32.09,465491.36,10.32,232407.07,5.1,110490.02,2.45,129937.37,2.09,66102.95,1.09,60825.1,1.06,29667.29,0.52,41644.6,1.96,14719.78,0.84,0.49
groupeser,H2,Alpes_2,Mixte,s,43026.82,10535865.13,242.46,3929351.5,91.03,1738262.17,41.12,482605.18,11.5,265562.73,6.23,96276.47,2.27,91267.99,3.6,26257.88,0.98,79614.94,2.35,29692.4,0.87,94679.8,0.28,40326.19,0.41,0.37
groupeser,H3,Alpes_3,Conifere,s,245926.52,30459440.7,123.5,11654319.87,47.25,4545275.73,18.42,1305596.91,5.29,716702.32,2.9,272522.37,1.1,247416.84,0.91,84963.66,0.31,162462.82,0.58,62161.14,0.22,306822.66,1.4,125397.58,0.57,0.38
groupeser,H3,Alpes_3,Feuillu,s,181276.45,15785916.75,87.74,9812780.28,54.59,3648360.7,19.92,1518130.98,8.3,315636.27,1.75,187618.57,1.04,27981,0.14,16062.74,0.08,147583.56,1.01,91740.32,0.63,140071.71,0.6,79815.52,0.33,0.62
groupeser,H3,Alpes_3,Mixte,s,135079.51,14513748.86,105.62,6720708.74,48.62,2850935.52,20.93,866283.27,6.33,369061.57,2.73,163509.45,1.21,83252.15,0.79,32498.64,0.31,49681.3,0.37,23005.33,0.17,236128.13,1.58,108005.49,0.73,0.46
groupeser,H4,Alpes_4,Conifere,s,186908.75,32215987.47,173.55,11991907.81,64.57,4658494.75,25.13,1260339.82,6.8,595545.33,3.22,218747.78,1.18,118024.87,0.65,42169.42,0.23,88067.64,0.53,32781.83,0.2,389452.83,2.04,143796.53,0.75,0.37
groupeser,H4,Alpes_4,Feuillu,n.s,NA,NA,NA,NA,NA,NA,NA,NA,NA,NA,NA,NA,NA,NA,NA,NA,NA,NA,NA,NA,NA,NA,NA,NA,NA,NA
groupeser,H4,Alpes_4,Mixte,s,50655.9,9451539.86,177.52,3944825.1,74.89,1742088.45,36.13,526921.82,10.9,196100.11,3.78,79079.49,1.54,17681.83,0.4,10613.81,0.24,29637.24,0.89,12369.81,0.37,148781.04,2.49,56095.88,0.93,0.42
groupeser,I1,Pyrenees_1,Conifere,n.s,NA,NA,NA,NA,NA,NA,NA,NA,NA,NA,NA,NA,NA,NA,NA,NA,NA,NA,NA,NA,NA,NA,NA,NA,NA,NA
groupeser,I1,Pyrenees_1,Feuillu,s,213183.43,37015605.29,173.94,21013440.52,98.63,7099936.53,33.3,2404307.81,11.27,945235.32,4.46,511951.95,2.41,128053.64,0.71,66159.93,0.38,152840.63,0.85,86766.31,0.48,664341.04,2.9,359025.71,1.56,0.57
groupeser,I1,Pyrenees_1,Mixte,n.s,NA,NA,NA,NA,NA,NA,NA,NA,NA,NA,NA,NA,NA,NA,NA,NA,NA,NA,NA,NA,NA,NA,NA,NA,NA,NA
groupeser,I2,Pyrenees_2,Conifere,s,69842.67,15822920,226.48,5720517.5,81.81,3535820.74,54.75,967363.01,15.15,382041.79,5.51,133809.3,1.92,196740.71,2.95,61305.28,0.9,52060.79,0.66,18821.73,0.24,133240.28,1.9,53682.29,0.79,0.36
groupeser,I2,Pyrenees_2,Feuillu,s,269024.16,46527780.11,172.74,27261013.16,101.2,8427346.68,31.6,3146598.06,11.79,1056818.72,3.92,565470.32,2.1,191653.63,0.77,98293.86,0.39,233728.09,0.91,136943.23,0.53,631437.01,2.25,330233.23,1.17,0.59
groupeser,I2,Pyrenees_2,Mixte,n.s,NA,NA,NA,NA,NA,NA,NA,NA,NA,NA,NA,NA,NA,NA,NA,NA,NA,NA,NA,NA,NA,NA,NA,NA,NA,NA
groupeser,JX,Mediterranee_1_2_3_4,Conifere,s,272982.99,22891816.82,83.04,10114513.84,36.73,3105929.96,11.31,830295.6,3.03,650265.42,2.35,277623.46,1.01,233007.24,0.78,97433.45,0.33,127582.49,0.49,56371.01,0.22,289675.68,1.08,123819,0.46,0.44
groupeser,JX,Mediterranee_1_2_3_4,Feuillu,s,798745.17,45287123.26,56.43,33435879.6,41.71,7280891.82,9.11,3272721.88,4.09,1099806.93,1.38,780679.27,0.98,283610.88,0.39,196760.63,0.27,232537.1,0.31,171684.18,0.23,583658.95,0.67,412234.46,0.48,0.74
groupeser,JX,Mediterranee_1_2_3_4,Mixte,s,239865.95,18957448.93,78.64,10218744.46,42.44,2908629.09,12.16,1087872.13,4.56,480973.09,2,249843.63,1.04,92398.44,0.5,54298.24,0.3,62791.08,0.26,33846.64,0.14,325783.58,1.23,161698.75,0.6,0.54
groupeser,K1,Corse,Conifere,n.s,NA,NA,NA,NA,NA,NA,NA,NA,NA,NA,NA,NA,NA,NA,NA,NA,NA,NA,NA,NA,NA,NA,NA,NA,NA,NA
groupeser,K1,Corse,Feuillu,s,309555.33,27361254.7,87.99,22602550.65,72.79,6216349.06,20.05,2867166.59,9.26,643424.92,2.07,489878.92,1.58,89615.64,0.31,63480.45,0.22,134471.22,0.49,111083.82,0.4,419338.05,1.27,315314.66,0.95,0.83
groupeser,K1,Corse,Mixte,n.s,NA,NA,NA,NA,NA,NA,NA,NA,NA,NA,NA,NA,NA,NA,NA,NA,NA,NA,NA,NA,NA,NA,NA,NA,NA,NA
groupeser,A1,Grand_ouest_1,total hors peupleraie hors indetermine,s,436201.41,82806165.77,189.75,40928725.92,93.88,10471190.92,23.83,3301509.71,7.53,2812496.48,6.46,1270929.78,2.92,1554423.53,3.83,573929.62,1.41,293806.6,0.72,145220.22,0.36,964266.35,1.91,551779.94,1.15,0.49
groupeser,AX,Grand_ouest_2_et_3,total hors peupleraie hors indetermine,s,275191.33,50031092.01,181.81,25362260.6,92.14,6104406.85,22.27,2084495.45,7.61,1744682.36,6.36,837528.98,3.05,513719.09,2.07,228677.55,0.92,161841.04,0.66,82042.07,0.33,1069122.24,3.64,526809.35,1.8,0.51
groupeser,B3,Centre_nord_semi_oceanique_3,total hors peupleraie hors indetermine,s,331758.63,75252247.11,226.13,36829726.61,110.6,7292926.11,21.9,2316883.4,6.97,2102511.28,6.33,998765.3,3.01,1102588.8,3.49,511180,1.61,224927.6,0.71,110083.38,0.35,774994.89,2.13,377501.92,1.04,0.49
groupeser,B4,Centre_nord_semi_oceanique_4,total hors peupleraie hors indetermine,s,629570.12,122217863.03,194.15,60433167.75,96.02,20573237.68,32.5,6784580.03,10.71,3347807.74,5.32,1598201.84,2.54,1660923.31,2.75,786841.65,1.3,780050.32,1.29,385712.13,0.64,906834.11,1.28,425648.07,0.6,0.49
groupeser,B5,Centre_nord_semi_oceanique_5,total hors peupleraie hors indetermine,s,462734.79,103828117.04,224.22,51835392.08,111.96,13223139.14,28.68,4388982.91,9.52,2723528.15,5.9,1335415.87,2.9,1494678.92,3.49,685427.61,1.6,561494.09,1.31,280321.63,0.65,667355.14,1.1,369666.63,0.64,0.5
groupeser,B6,Centre_nord_semi_oceanique_6,total hors peupleraie hors indetermine,s,320456.13,69818969.41,217.93,32648290.14,101.92,8557353.6,26.66,2793733.04,8.71,2174868.79,6.8,974570.05,3.04,1185116.97,3.7,506796.89,1.58,339931.74,1.06,158956.66,0.5,649820.08,2.03,308816.49,0.96,0.47
groupeser,B7,Centre_nord_semi_oceanique_7,total hors peupleraie hors indetermine,s,366439.68,62724615.4,170.97,29199540.48,79.6,7525991.63,20.49,2441846.01,6.65,1869527.26,5.11,835645.03,2.29,889687.19,2.6,412025.06,1.21,418304.32,1.22,194728.88,0.57,561535.75,1.29,228891.1,0.51,0.47
groupeser,B8,Centre_nord_semi_oceanique_8,total hors peupleraie hors indetermine,s,189729.9,32394561.59,171.29,16681093.95,88.17,5753582.17,30.27,2011044.04,10.62,1006784.81,5.33,499272.19,2.65,524280.19,2.78,256343.72,1.36,256259.79,1.34,131957.14,0.69,226244.83,1.21,110971.33,0.6,0.51
groupeser,B9,Centre_nord_semi_oceanique_9,total hors peupleraie hors indetermine,s,284794.13,61845476.93,217.08,31124713.39,109.27,8813840.81,30.81,3073075,10.76,1566338.82,5.5,770127.5,2.71,1064194.33,3.99,496245.33,1.86,483692.37,1.83,243425.83,0.92,18452.12,-0.31,30456.33,-0.07,0.5
groupeser,BX,Centre_nord_semi_oceanique_1_et_2,total hors peupleraie hors indetermine,s,306726.52,61501612.55,201.02,32032148.65,104.83,7422656.05,24.09,2402589.84,7.81,1880878.44,6.15,929337.71,3.04,1356954.32,4.56,659747.46,2.22,190514.63,0.64,99226.55,0.33,333409.49,0.95,170363.7,0.49,0.52
groupeser,C1,Grand_est_semi_continental_1,total hors peupleraie hors indetermine,s,117848.03,24608841.54,209.08,11416787.73,96.85,3090516.13,26.2,992890.71,8.42,759448.7,6.42,329099.23,2.78,1061882.44,8.52,367972.47,2.95,177413.18,1.42,82307.35,0.66,-479846.93,-3.52,-121180.59,-0.83,0.46
groupeser,C2,Grand_est_semi_continental_2,total hors peupleraie hors indetermine,s,1092604.72,190356317.68,174.14,97741226.49,89.41,31872233.38,29.11,10754228.71,9.82,5029771.89,4.61,2482602.12,2.28,3426434.6,3.24,1543521.47,1.46,1678771.73,1.57,861989.82,0.8,-75434.44,-0.19,77090.83,0.01,0.51
groupeser,C3,Grand_est_semi_continental_3,total hors peupleraie hors indetermine,s,341977.52,72397280.24,212.41,37139237.94,108.86,11346328.64,32.97,3805158.29,11.1,1861340.65,5.46,922564.43,2.71,1966513.43,5.72,921380.8,2.68,505224.87,1.5,259176.4,0.77,-610397.65,-1.76,-257992.77,-0.75,0.51
groupeser,C4,Grand_est_semi_continental_4,total hors peupleraie hors indetermine,s,129304.38,27408393.3,211.58,13472365.85,103.97,4836605.15,37.55,1509155.34,11.69,785975.57,6.11,376783.43,2.93,556655.2,4.77,260196.72,2.22,249558.2,2.07,122668.24,1.02,-20237.83,-0.73,-6081.53,-0.3,0.49
groupeser,C5,Grand_est_semi_continental_5,total hors peupleraie hors indetermine,s,442741.55,92374572.46,208.59,45966869.2,103.78,16773583.59,37.88,5806649.24,13.12,2818704.88,6.36,1365346.67,3.08,1667516.51,3.74,796541.67,1.79,827161.36,1.86,411606.97,0.92,324027.01,0.76,157198.03,0.37,0.5
groupeser,D1,Vosges,total hors peupleraie hors indetermine,s,555816.58,164580960.55,296.08,64185591.11,115.5,25482717.74,45.82,7043209.54,12.66,4606130.75,8.28,1718058.75,3.09,3623383.07,6.47,1300433.27,2.32,926684.43,1.65,361401.39,0.64,56063.25,0.16,56224.1,0.12,0.39
groupeser,E1,Jura_1,total hors peupleraie hors indetermine,s,253128,50164682.55,197.86,23012942.93,90.76,8296411.11,32.58,2893278.02,11.38,1436857.51,5.64,617991.65,2.43,1243133.25,4.59,439718.77,1.63,664363.95,2.48,304775.57,1.14,-470639.69,-1.43,-126502.69,-0.34,0.46
groupeser,E2,Jura_2,total hors peupleraie hors indetermine,s,243969.03,73324148.57,300.55,25625042.45,105,12070454.02,49.49,3243961.67,13.32,1898470.2,7.79,623138.47,2.56,2106288.36,8.93,623796.91,2.65,602714.4,2.48,210634.32,0.87,-810532.56,-3.61,-211292.76,-0.95,0.35
groupeser,F1,Sud_ouest_oceanique_1,total hors peupleraie hors indetermine,s,453385.48,75496234.76,166.61,39301628.52,86.67,16964046.68,37.67,6051726.06,13.43,2682118.36,5.93,1338534.69,2.96,1071918.21,2.47,490111.46,1.13,521538.75,1.2,271501.25,0.62,1088661.4,2.27,576921.97,1.21,0.52
groupeser,F2,Sud_ouest_oceanique_2,total hors peupleraie hors indetermine,s,927746.35,129772445.36,140.14,54651607.65,59.02,11396601.92,12.31,3249155.43,3.51,9034242.33,9.81,3591827.01,3.9,5375461.25,6.54,2059258.17,2.51,232658.17,0.28,97980.3,0.12,3426122.92,2.99,1434588.54,1.28,0.42
groupeser,F3,Sud_ouest_oceanique_3,total hors peupleraie hors indetermine,s,389677.36,68804714.12,176.88,37065439.58,95.28,11279305.95,28.94,4153885.49,10.66,1957277.99,5.03,1013528.51,2.61,549504.06,1.52,254400.4,0.7,344550.62,0.94,185611.12,0.51,1063223.31,2.58,573516.99,1.4,0.54
groupeser,F4,Sud_ouest_oceanique_4,total hors peupleraie hors indetermine,s,295479.33,27846013.38,93.7,17059777.15,57.33,3732274.85,12.42,1602728.87,5.35,625069.54,2.12,367178.67,1.24,165295.96,0.63,85125.37,0.33,100552.53,0.38,61603.21,0.23,359221.04,1.11,220450.1,0.69,0.61
groupeser,F5,Sud_ouest_oceanique_5,total hors peupleraie hors indetermine,s,175467.08,31248955.77,178.64,17101446.79,97.79,6419109.68,36.41,2276728.67,12.91,977583.79,5.6,499516.23,2.86,265739.06,1.52,127997.76,0.73,155837.15,0.92,85284.15,0.5,556007.58,3.16,286234.32,1.63,0.55
groupeser,G1,Massif_central_1,total hors peupleraie hors indetermine,s,623514.84,136630349.07,218.69,64701700.45,103.57,25086771.64,40.12,8030114.74,12.84,4703158.62,7.54,2041163.67,3.27,2977514.23,4.86,1139580.22,1.86,894904.8,1.46,423784.78,0.69,830739.59,1.22,477798.67,0.72,0.47
groupeser,G2,Massif_central_2,total hors peupleraie hors indetermine,s,719419.92,194038569.46,269.53,73650303.18,102.33,27096147.95,37.67,7328818.1,10.19,6174030.37,8.59,2180872.88,3.04,4906724.36,7.03,1597417.39,2.29,882930.91,1.26,335129.92,0.48,384375.1,0.3,248325.57,0.27,0.38
groupeser,G3,Massif_central_3,total hors peupleraie hors indetermine,s,151397.5,39217783.36,258.89,17201617.38,113.59,5857692.24,38.35,1746795.39,11.43,966555.65,6.37,380316.35,2.51,389878.62,2.51,118715.04,0.76,192406.5,1.24,84392.91,0.54,384270.53,2.62,177208.4,1.2,0.44
groupeser,G4,Massif_central_4,total hors peupleraie hors indetermine,s,246941.48,58769327.53,237.77,23459787.13,94.84,9894876.18,39.99,2926548.57,11.84,1855232.35,7.5,689361.03,2.79,1333465.22,5.36,437891.39,1.77,415766.78,1.72,165967.53,0.69,106000.35,0.41,85502.11,0.33,0.4
groupeser,G5,Massif_central_5,total hors peupleraie hors indetermine,s,233587.95,43840503.84,187.49,23048245.07,98.49,12122683.52,51.42,4410663.94,18.67,1114840.94,4.78,540887.62,2.32,351940.49,1.54,158059.05,0.69,319478.88,1.4,167959.47,0.74,443421.57,1.84,214869.1,0.89,0.53
groupeser,G6,Massif_central_6,total hors peupleraie hors indetermine,s,171093.19,17242773.34,101.62,7938152.66,46.91,2301316.43,13.33,745550.97,4.34,473698.98,2.78,209587.02,1.23,72790.97,0.48,32701.87,0.22,53666.7,0.35,24706.84,0.16,347241.32,1.95,152178.31,0.85,0.46
groupeser,G7,Massif_central_7,total hors peupleraie hors indetermine,s,249443.11,46162093.84,184.47,22128832.63,88.5,8785576.45,35.02,3245654.12,12.99,1238076.86,4.97,525528.72,2.11,609126.96,2.63,211929.9,0.92,305994.48,1.41,146685.3,0.67,322955.42,0.93,166913.52,0.52,0.48
groupeser,G8,Massif_central_8,total hors peupleraie hors indetermine,s,236350.13,50058636.96,211.31,22189167,93.75,6298779.06,26.27,1953989.26,8.17,1441615.37,6.14,592708.62,2.52,597638.98,2.94,198064.76,0.97,191977.93,0.96,85096.81,0.42,651998.46,2.24,309547.06,1.13,0.44
groupeser,G9,Massif_central_9,total hors peupleraie hors indetermine,s,108352.69,19545480.55,180.04,9364017.34,86.54,3345953.8,30.12,1056296.55,9.51,520798.92,4.87,235897.06,2.21,314581.26,3.27,111956.66,1.16,143570.92,1.49,68783.19,0.71,62646.74,0.11,55157.21,0.34,0.48
groupeser,H1,Alpes_1,total hors peupleraie hors indetermine,s,215449.29,71927125.63,333.17,26461988.26,122.46,10903038.95,50.82,2907356.98,13.54,1519146.31,7.07,530068.81,2.47,742952.76,3.5,225038.28,1.06,463743.34,2.2,170611.17,0.81,312450.21,1.37,134419.37,0.59,0.37
groupeser,H2,Alpes_2,total hors peupleraie hors indetermine,s,159247.51,44006863.37,276.91,15451949.88,97.23,6725205.04,41.94,1785460.64,11.14,1015329.3,6.4,347584.26,2.19,453446.16,2.71,153374.46,0.9,263892.68,1.6,92659.56,0.56,297990.47,2.1,101550.24,0.72,0.35
groupeser,H3,Alpes_3,total hors peupleraie hors indetermine,s,562282.49,60759106.31,107.72,28187808.89,49.96,11044571.95,19.55,3596133.7,6.37,1401400.15,2.48,623650.4,1.1,358649.98,0.63,133525.04,0.23,359727.67,0.64,166887.49,0.3,683022.5,1.21,323237.88,0.57,0.46
groupeser,H4,Alpes_4,total hors peupleraie hors indetermine,s,278731.38,47429087.74,170.07,19102483.71,68.56,7519909.39,26.91,2143815.06,7.66,918716.63,3.3,366438.53,1.32,135706.69,0.54,52783.23,0.21,148921.88,0.61,59979.6,0.24,634088.06,2.15,253675.7,0.86,0.4
groupeser,I1,Pyrenees_1,total hors peupleraie hors indetermine,s,287198.47,57120392.39,199.04,28090897.39,97.83,9063207.26,31.44,2895322.77,10.05,1469678.37,5.14,693219.02,2.42,399492.11,1.54,151490.53,0.59,213770.16,0.84,105128.75,0.41,856416.1,2.76,436599.74,1.42,0.49
groupeser,I2,Pyrenees_2,total hors peupleraie hors indetermine,s,376208.03,71391128.78,189.84,36750694.01,97.67,13764733.98,36.83,4743694.89,12.71,1676033.56,4.47,791376.42,2.11,520142.67,1.55,206564.33,0.61,304528.53,0.85,156765.06,0.44,851362.36,2.08,428047.02,1.06,0.51
groupeser,JX,Mediterranee_1_2_3_4,total hors peupleraie hors indetermine,s,1311594.11,87136389.02,66.28,53769137.91,40.91,13295450.87,10.09,5121351.21,3.89,2231045.44,1.7,1308146.37,1,609016.56,0.5,348492.31,0.29,422910.67,0.35,260964.94,0.22,1199118.21,0.85,698689.12,0.49,0.62
groupeser,K1,Corse,total hors peupleraie hors indetermine,s,390634.78,46622140.52,119.28,30736336.77,78.65,9949999.48,25.8,3876993.09,10.04,976405.07,2.5,622115.94,1.59,108320.75,0.29,69789.46,0.19,180623.43,0.51,119078.67,0.34,687460.89,1.69,433247.82,1.06,0.66
greco,A,Grand Ouest cristallin et oceanique,Conifere,s,89525.02,22512399.93,250.54,7896704.99,88.27,2151641.45,23.47,578794.74,6.37,993135.24,11,333539.41,3.71,958388.48,10.34,309545.64,3.35,94400.06,0.99,33112.84,0.35,-59653.3,-0.34,-9119.07,0,0.35
greco,A,Grand Ouest cristallin et oceanique,Feuillu,s,558115.79,95688778.8,171.53,52153480.1,93.52,12595914.28,22.48,4314439.06,7.69,2994638.92,5.37,1543728.24,2.77,671780.23,1.35,336587.91,0.68,305247.87,0.61,166369.97,0.33,2017610.81,3.42,1040770.37,1.76,0.55
greco,A,Grand Ouest cristallin et oceanique,Mixte,s,63751.93,14636079.05,230.53,6240801.44,98.53,1828042.04,29.61,515170.79,8.32,569404.67,8.98,231191.1,3.64,437973.91,7.11,156473.62,2.55,55999.7,0.9,23878.18,0.38,75431.07,0.97,50839.3,0.7,0.43
greco,B,Centre Nord semi-oceanique,Conifere,s,245050.6,56848393.15,232.21,19833652.73,81.01,5643322.46,23.14,1364419.13,5.59,2217999.11,9.07,764995.92,3.13,1827097.97,7.49,620256.33,2.54,164174.81,0.67,57278.42,0.23,226726.32,0.91,87461.18,0.35,0.35
greco,B,Centre Nord semi-oceanique,Feuillu,s,2451543.6,493951940.76,201.41,254695515.82,103.85,67449524.73,27.49,23265212.83,9.48,13229772.68,5.4,6677342.56,2.73,6809429.75,2.9,3450264.74,1.47,2768068.49,1.18,1427293.98,0.61,3652274.45,1.32,1799783.84,0.65,0.52
greco,B,Centre Nord semi-oceanique,Mixte,s,195615.7,38783129.16,197.61,16254904.5,82.76,6069880,31.15,1751283.89,8.97,1224473.51,6.27,498997.01,2.55,641896.3,3.87,244086.66,1.47,322931.57,1.76,135348.07,0.74,259645.65,0.63,119562.27,0.35,0.42
greco,C,Grand Est semi-continental,Conifere,s,89834.61,25021521.76,277.15,7841527.99,86.64,3501238.04,38.55,891652.46,9.8,1037516.61,11.17,316476.63,3.41,2021929.78,19.04,563041.03,5.3,261817.94,2.39,82051.47,0.75,-1246231.11,-10.26,-328615.87,-2.63,0.31
greco,C,Grand Est semi-continental,Feuillu,s,1903659.62,351966227.22,184.93,185862730.32,97.64,59232346.55,31,20328614.31,10.65,9252141.13,4.87,4791734.12,2.52,5583506.7,3.07,2949700.01,1.62,2546551.66,1.39,1344756.99,0.74,1122082.77,0.41,497277.12,0.17,0.53
greco,C,Grand Est semi-continental,Mixte,s,130981.98,30157656.24,227.49,12032228.9,90.8,5185682.3,40.14,1539513.66,11.91,965583.95,7.15,368185.13,2.74,1073565.69,6.59,376872.08,2.32,629759.75,3.86,251260.03,1.54,-737741.5,-3.3,-259946.98,-1.12,0.4
greco,D,Vosges,Conifere,s,180815.68,68206887.37,376.71,20683262.11,114.27,9984048.97,54.73,2239425.74,12.29,1969181.98,10.96,580812.28,3.23,1729474.39,10.4,488981.25,2.94,257891.32,1.57,78203.74,0.48,-18183.74,-1.01,13627.29,-0.19,0.3
greco,D,Vosges,Feuillu,s,244901.23,59761352.55,244.21,29583544.58,120.87,9042547.16,36.84,3050273.6,12.43,1527233.31,6.24,730206.95,2.98,961744.68,4.03,490805.24,2.05,261590.4,1.09,129494.58,0.54,303898.24,1.12,109907.13,0.39,0.5
greco,D,Vosges,Mixte,s,130099.68,36612720.63,282.43,13918784.43,107.28,6456121.62,49.79,1753974.86,13.49,1109715.45,8.47,407039.52,3.1,932164,5.89,320646.78,2.03,407202.7,2.55,154803.21,0.97,-229651.25,0.03,-68410.47,0.11,0.38
greco,E,Jura,Conifere,s,91934.71,36606565.55,398.49,10608224.32,115.73,3640555.45,40.3,833604.46,9.27,1049294.6,11.28,291938.61,3.15,1919248.09,19.25,528736.69,5.29,356162.53,3.43,103212.41,0.99,-1226116.02,-11.4,-340010.49,-3.14,0.29
greco,E,Jura,Feuillu,s,253359.76,44916270.37,176.73,23115295.72,90.99,9182054.41,36.11,3547689.26,13.96,1042308.87,4.1,524334.92,2.07,372919.61,1.5,201069.26,0.81,470152.25,1.89,241954.83,0.97,199237,0.72,81310.83,0.29,0.51
greco,E,Jura,Mixte,s,151802.55,41965995.2,276.67,14914465.34,98.31,7544255.28,49.23,2040615.65,13.3,1243724.25,8.19,424856.59,2.8,1057253.91,6.99,333709.73,2.2,440763.57,2.8,156644.76,0.99,-254293.24,-1.6,-65497.9,-0.4,0.36
greco,F,Sud-Ouest oceanique,Conifere,s,709706.45,99631082.6,140.75,37683282.64,53.22,4857026.35,6.92,1257873.76,1.79,7915734.45,11.23,2993809.6,4.25,5304814.45,8.43,1982664.5,3.15,107959.49,0.17,40833.32,0.06,2502960.51,2.63,970311.78,1.03,0.38
greco,F,Sud-Ouest oceanique,Feuillu,s,1386528.83,205981709.53,148.45,114998679.03,82.87,41199654.29,29.67,15379664.67,11.07,6305593.74,4.56,3370733.17,2.44,1724569.35,1.34,874644.91,0.68,1148874.1,0.89,641411.34,0.5,3432150.29,2.33,1854676.93,1.26,0.56
greco,F,Sud-Ouest oceanique,Mixte,s,145520.32,27555571.27,188.03,12497938.02,84.88,3734658.44,25.03,1196592.7,8.06,1054963.82,7.22,446042.35,3.04,398534.74,3.01,159583.75,1.21,98303.64,0.75,44586,0.34,558125.44,3.45,241872.59,1.49,0.45
greco,G,Massif central,Conifere,s,733987.75,238653029.31,324.72,74535813.75,101.42,26941841.06,36.63,6365412.3,8.65,8500293.34,11.61,2581344.69,3.53,7481637.26,10.62,2211897.12,3.14,873763.59,1.24,272892.75,0.39,144892.49,-0.25,96554.83,0,0.31
greco,G,Massif central,Feuillu,s,1629746.91,278961242.47,171.17,153192014.8,94,58768608.72,36.07,21710732.41,13.32,7209777.16,4.43,3756395.05,2.31,2414715.3,1.6,1213572.03,0.8,1915331.64,1.26,1051807.45,0.69,2879730.22,1.58,1491015.57,0.81,0.55
greco,G,Massif central,Mixte,s,376366.14,87891246.16,233.17,35953994.27,95.36,15079347.48,39.86,4395578.09,11.62,2777937.57,7.36,1058583.24,2.8,1657308.53,4.39,580847.13,1.53,611602.67,1.61,250190.55,0.66,509026.37,1.36,227545.56,0.61,0.41
greco,H,Alpes,Conifere,s,556827.39,112623509.24,202.61,38243157.63,68.78,15827978.96,28.52,4078020.65,7.35,2309551.14,4.15,760002.04,1.36,1162148.07,2.04,341143.17,0.6,477546.52,0.82,162158.75,0.28,669856.55,1.28,256700.13,0.49,0.34
greco,H,Alpes,Feuillu,s,337592.3,45194339.83,133.69,24844550.8,73.52,9563627.29,28.55,3436752.86,10.25,988344.43,2.93,519710.18,1.54,247120.3,0.73,123058.11,0.36,325134.35,1.02,178735.15,0.56,416089.78,1.19,217916.92,0.62,0.55
greco,H,Alpes,Mixte,s,321290.98,66304333.97,206.71,26116522.3,81.16,10801119.08,33.72,3031542.14,9.46,1556696.83,4.88,588029.78,1.84,281487.22,1.01,100519.73,0.36,433604.69,1.52,170791.95,0.6,841604.92,2.35,316718.1,0.88,0.39
greco,I,Pyrenees,Conifere,s,106676.69,28186950.53,264.34,9705139.59,91.03,4540460.86,43.56,1183633.95,11.36,697268.44,6.52,235436.07,2.2,325840.33,3.27,101303.59,1.01,71540.78,0.7,24632.43,0.24,299887.34,2.56,109500.05,0.95,0.34
greco,I,Pyrenees,Feuillu,s,482207.58,83543385.4,173.25,48274453.68,100.01,15527283.22,32.34,5540989.62,11.54,2002054.04,4.16,1077422.27,2.24,319707.27,0.73,164453.79,0.38,386568.72,0.9,223373.68,0.52,1295778.05,2.53,689594.8,1.34,0.58
greco,I,Pyrenees,Mixte,s,74522.23,16781185.24,220.44,6861998.13,90.31,2760197.16,37.15,838574.58,11.18,446389.46,6.02,171737.1,2.32,274087.19,4.24,92297.48,1.4,60189.19,0.95,24611.98,0.39,112113.08,0.83,54827.65,0.53,0.41
greco,J,Mediterranee,Conifere,s,272982.99,22891816.82,83.04,10114513.84,36.73,3105929.96,11.31,830295.6,3.03,650265.42,2.35,277623.46,1.01,233007.24,0.78,97433.45,0.33,127582.49,0.49,56371.01,0.22,289675.68,1.08,123819,0.46,0.44
greco,J,Mediterranee,Feuillu,s,798745.17,45287123.26,56.43,33435879.6,41.71,7280891.82,9.11,3272721.88,4.09,1099806.93,1.38,780679.27,0.98,283610.88,0.39,196760.63,0.27,232537.1,0.31,171684.18,0.23,583658.95,0.67,412234.46,0.48,0.74
greco,J,Mediterranee,Mixte,s,239865.95,18957448.93,78.64,10218744.46,42.44,2908629.09,12.16,1087872.13,4.56,480973.09,2,249843.63,1.04,92398.44,0.5,54298.24,0.3,62791.08,0.26,33846.64,0.14,325783.58,1.23,161698.75,0.6,0.54
greco,K,Corse,Conifere,n.s,NA,NA,NA,NA,NA,NA,NA,NA,NA,NA,NA,NA,NA,NA,NA,NA,NA,NA,NA,NA,NA,NA,NA,NA,NA,NA
greco,K,Corse,Feuillu,s,309555.33,27361254.7,87.99,22602550.65,72.79,6216349.06,20.05,2867166.59,9.26,643424.92,2.07,489878.92,1.58,89615.64,0.31,63480.45,0.22,134471.22,0.49,111083.82,0.4,419338.05,1.27,315314.66,0.95,0.83
greco,K,Corse,Mixte,n.s,NA,NA,NA,NA,NA,NA,NA,NA,NA,NA,NA,NA,NA,NA,NA,NA,NA,NA,NA,NA,NA,NA,NA,NA,NA,NA
greco,A,Grand Ouest cristallin et oceanique,total hors peupleraie hors indetermine,s,711392.74,132837257.78,186.82,66290986.52,93.26,16575597.76,23.23,5385891.78,7.55,4557178.83,6.42,2108458.76,2.97,2068142.62,3.17,802607.17,1.23,455647.63,0.7,227385.99,0.35,2033388.58,2.55,1078465.6,1.39,0.5
greco,B,Centre Nord semi-oceanique,total hors peupleraie hors indetermine,s,2892209.9,589583463.06,203.8,290784073.06,100.51,79162727.19,27.35,26196902.29,9.05,16672245.3,5.77,7941335.49,2.75,9278424.02,3.35,4314607.73,1.56,3255174.86,1.18,1605460.57,0.58,4138646.42,1.24,2021267.18,0.61,0.49
greco,C,Grand Est semi-continental,total hors peupleraie hors indetermine,s,2124476.21,407145405.21,191.69,205736487.21,96.85,67919266.9,31.92,22868430.59,10.75,11255241.68,5.31,5476395.88,2.58,8679002.17,4.16,3889613.12,1.86,3438129.35,1.64,1737336.7,0.83,-861889.84,-0.5,-150553.94,-0.11,0.51
greco,D,Vosges,total hors peupleraie hors indetermine,s,555816.58,164580960.55,296.08,64185591.11,115.5,25482717.74,45.82,7043209.54,12.66,4606130.75,8.28,1718058.75,3.09,3623383.07,6.47,1300433.27,2.32,926684.43,1.65,361401.39,0.64,56063.25,0.16,56224.1,0.12,0.39
greco,E,Jura,total hors peupleraie hors indetermine,s,497097.02,123488831.11,247.92,48637985.38,97.65,20366865.14,40.93,6126233.17,12.32,3335327.71,6.69,1241130.12,2.49,3349421.61,6.62,1063515.68,2.1,1267078.36,2.49,499058.4,0.98,-1281172.26,-2.42,-321443.96,-0.59,0.39
greco,F,Sud-Ouest oceanique,total hors peupleraie hors indetermine,s,2241755.6,333168363.4,148.64,165179899.69,73.69,49791339.08,22.23,16874356.6,7.53,15276292.01,6.84,6810585.11,3.05,7427918.54,3.62,3016893.16,1.47,1355137.23,0.66,671856.8,0.33,6493236.24,2.56,3121835.15,1.25,0.5
greco,G,Massif central,total hors peupleraie hors indetermine,s,2740100.8,605505517.95,220.94,263681822.83,96.22,100789797.26,36.77,30961005.8,11.3,18488008.07,6.76,7396322.98,2.71,11553661.09,4.45,4006316.27,1.54,3400697.9,1.31,1480915.03,0.57,3533649.08,1.01,1909091.67,0.59,0.44
greco,H,Alpes,total hors peupleraie hors indetermine,s,1215710.67,224122183.04,184.34,89204230.73,73.35,36192725.32,29.81,10376725.92,8.54,4854592.4,4,1867742,1.54,1690755.59,1.43,564721,0.48,1236285.56,1.05,492061.52,0.42,1927551.24,1.53,810959.48,0.65,0.4
greco,I,Pyrenees,total hors peupleraie hors indetermine,s,663406.5,128511521.17,193.69,64841591.41,97.67,22827941.24,34.48,7621037.8,11.51,3145711.94,4.76,1484595.44,2.24,919634.79,1.54,358054.86,0.6,518298.68,0.86,261512.05,0.44,1707778.47,2.35,865028.53,1.21,0.5
greco,J,Mediterranee,total hors peupleraie hors indetermine,s,1311594.11,87136389.02,66.28,53769137.91,40.91,13295450.87,10.09,5121351.21,3.89,2231045.44,1.7,1308146.37,1,609016.56,0.5,348492.31,0.29,422910.67,0.35,260964.94,0.22,1199118.21,0.85,698689.12,0.49,0.62
greco,K,Corse,total hors peupleraie hors indetermine,s,390634.78,46622140.52,119.28,30736336.77,78.65,9949999.48,25.8,3876993.09,10.04,976405.07,2.5,622115.94,1.59,108320.75,0.29,69789.46,0.19,180623.43,0.51,119078.67,0.34,687460.89,1.69,433247.82,1.06,0.66
rad13,ARA,Auvergne-Rhone-Alpes,Conifere,s,580273.4,201984009.66,348.14,61993084.73,106.85,25616712.85,44.17,6031233.29,10.4,5736245.45,9.88,1705044.27,2.94,4660798.92,7.78,1357806.78,2.27,905159.53,1.51,277812.25,0.46,170286.99,0.58,69425.24,0.2,0.31
rad13,ARA,Auvergne-Rhone-Alpes,Feuillu,s,1226588.64,207398161.51,169.21,111136763.76,90.67,43544389.33,35.42,16034980.04,13.04,5192910.21,4.24,2677286.3,2.19,1733990.66,1.46,881753.63,0.74,1650477.98,1.39,884428.2,0.75,1808441.57,1.39,911104.47,0.7,0.54
rad13,ARA,Auvergne-Rhone-Alpes,Mixte,s,495751.2,121929238.76,246.46,47496933.5,95.86,19854760.15,40.1,5645135.44,11.39,3258642.69,6.61,1207179.4,2.45,1163375.12,2.39,416929.32,0.86,1010351.95,2.1,393577.62,0.82,1084915.62,2.12,396672.46,0.77,0.39
rad13,BFC,Bourgogne-Franche-Comte,Conifere,s,171710.95,62227348.44,361.39,18603900.62,108.05,5845721.42,34.15,1359466.66,7.96,2240376.18,12.81,659434.58,3.78,3866393.06,19.59,1091859.23,5.54,491050.13,2.57,146807.6,0.77,-2117067.02,-9.35,-579232.26,-2.53,0.3
rad13,BFC,Bourgogne-Franche-Comte,Feuillu,s,1295685.32,257753439.16,198.94,134851697.54,104.08,38223874.65,29.46,13462827.7,10.38,6086584.74,4.71,3129764.71,2.42,3606413.59,2.92,1870104.32,1.51,1859548.69,1.51,972880.51,0.79,620622.47,0.28,286779.89,0.12,0.52
rad13,BFC,Bourgogne-Franche-Comte,Mixte,s,186740.88,50180751.85,267.47,18222547.03,97.07,9901948.74,53.55,2716636.87,14.78,1579388.81,8.36,545990.67,2.89,1535285.05,7.35,499941.3,2.4,640948.36,2.97,232752.82,1.08,-596844.6,-1.96,-186703.46,-0.59,0.36
rad13,BRE,Bretagne,Conifere,s,50454.24,13045822.31,256.36,4669223.95,91.85,1472583.84,28.33,410770.85,8.02,561850.82,10.84,189543.8,3.65,697700.81,12.26,224704.74,3.97,85402.35,1.47,30566.31,0.53,-221252.34,-2.89,-65727.25,-0.85,0.36
rad13,BRE,Bretagne,Feuillu,s,312729.27,52703356.31,168.06,29102931.23,92.88,7827932.06,25.12,2768829.66,8.88,1677426.96,5.37,863646.75,2.76,346091.6,1.26,167681.09,0.61,164000.46,0.59,90561.48,0.33,1167334.9,3.52,605404.18,1.82,0.55
rad13,BRE,Bretagne,Mixte,s,45591.41,10148054.23,219.04,4323305.37,93.75,1440393.8,30.87,400410.88,8.6,403608.33,8.77,162987.57,3.56,222011.81,5.11,80680.41,1.84,48356.29,1.08,20600.9,0.46,133240.23,2.57,61706.25,1.26,0.43
rad13,COR,Corse,Conifere,n.s,NA,NA,NA,NA,NA,NA,NA,NA,NA,NA,NA,NA,NA,NA,NA,NA,NA,NA,NA,NA,NA,NA,NA,NA,NA,NA
rad13,COR,Corse,Feuillu,s,309555.33,27361254.7,87.99,22602550.65,72.79,6216349.06,20.05,2867166.59,9.26,643424.92,2.07,489878.92,1.58,89615.64,0.31,63480.45,0.22,134471.22,0.49,111083.82,0.4,419338.05,1.27,315314.66,0.95,0.83
rad13,COR,Corse,Mixte,n.s,NA,NA,NA,NA,NA,NA,NA,NA,NA,NA,NA,NA,NA,NA,NA,NA,NA,NA,NA,NA,NA,NA,NA,NA,NA,NA
rad13,CVL,Centre-Val de Loire,Conifere,s,97514.73,22331362.64,228.41,7886618.48,80.71,1678847.5,17.44,422263.69,4.38,821996.44,8.45,287925.99,2.96,490312.4,5.37,174979.19,1.91,98649.67,1.05,34839.45,0.37,233034.37,2.03,78107.36,0.68,0.35
rad13,CVL,Centre-Val de Loire,Feuillu,s,775838.1,148528081.98,191.21,76373085.26,98.32,20678884.44,26.61,7366144.25,9.48,3888600.41,5.02,1969037.11,2.54,1786676.03,2.42,922795.35,1.25,1016492.36,1.38,522680,0.71,1085432.03,1.22,523561.77,0.58,0.51
rad13,CVL,Centre-Val de Loire,Mixte,s,95415.5,18478793.53,191.97,7848823.69,81.56,2442094.2,25.51,699242.27,7.31,588948.02,6.18,243215.62,2.55,226693.32,3.1,92385.56,1.25,135216.25,1.73,57432.78,0.73,227038.45,1.36,93397.28,0.57,0.42
rad13,GES,Grand Est,Conifere,s,246434.42,82057908.95,332.61,25105405.96,101.84,12118476.37,48.73,2799634.23,11.26,2566956.65,10.47,765795.93,3.12,2895410.65,12.19,810715.8,3.41,448953.77,1.88,137356.25,0.57,-777407.78,-3.6,-182276.12,-0.86,0.31
rad13,GES,Grand Est,Feuillu,s,1414789.47,275216289.02,194.53,142490255.49,100.71,44456753.15,31.38,14724996.68,10.4,7399846,5.24,3752802.35,2.66,4602695.32,3.45,2399968.79,1.8,1574154.55,1.17,815001.48,0.61,1222996.12,0.62,537832.08,0.25,0.52
rad13,GES,Grand Est,Mixte,s,212919.97,51377374.36,241.84,20106337.08,94.61,9335890.99,44.25,2559150.36,12.09,1648368.68,7.66,625799.04,2.91,1608244.02,6.35,552741.86,2.19,723930.59,2.88,283307.44,1.13,-683805.93,-1.58,-210250.26,-0.4,0.39
rad13,HDF,Hauts-de-France,Conifere,n.s,NA,NA,NA,NA,NA,NA,NA,NA,NA,NA,NA,NA,NA,NA,NA,NA,NA,NA,NA,NA,NA,NA,NA,NA,NA,NA
rad13,HDF,Hauts-de-France,Feuillu,s,399371.24,78040608.74,195.79,40494819.78,101.58,10186205.99,25.42,3353709.49,8.38,2269387.5,5.72,1126996.32,2.84,1405549.93,3.7,711237.08,1.87,377462.54,0.99,195863.13,0.51,486375.03,1.03,219896.11,0.45,0.52
rad13,HDF,Hauts-de-France,Mixte,n.s,NA,NA,NA,NA,NA,NA,NA,NA,NA,NA,NA,NA,NA,NA,NA,NA,NA,NA,NA,NA,NA,NA,NA,NA,NA,NA
rad13,IDF,Ile-de-France,Conifere,n.s,NA,NA,NA,NA,NA,NA,NA,NA,NA,NA,NA,NA,NA,NA,NA,NA,NA,NA,NA,NA,NA,NA,NA,NA,NA,NA
rad13,IDF,Ile-de-France,Feuillu,s,236643.92,49599861.3,210.02,25248965.23,106.96,7515149.23,30.99,2673120.21,11.02,1209702.29,5.09,597186.32,2.52,522156.91,2.29,256741.72,1.12,308941.86,1.37,157267.82,0.7,378603.53,1.44,183176.78,0.7,0.51
rad13,IDF,Ile-de-France,Mixte,n.s,NA,NA,NA,NA,NA,NA,NA,NA,NA,NA,NA,NA,NA,NA,NA,NA,NA,NA,NA,NA,NA,NA,NA,NA,NA,NA
rad13,NAQ,Nouvelle-Aquitaine,Conifere,s,809669.02,125945925.62,155.91,45654909.94,56.51,6915746.85,8.63,1773119.44,2.21,9436904.69,11.7,3455414.52,4.28,7027380.74,9.39,2479647.26,3.31,216134.78,0.28,78348.02,0.1,2193389.17,2.02,897419.24,0.87,0.36
rad13,NAQ,Nouvelle-Aquitaine,Feuillu,s,1465427.82,252757327.49,172.2,137718680.28,93.84,54458131.4,37.05,19178596.54,13.06,7984775.47,5.45,4146145.02,2.83,2614519.64,1.9,1310349.61,0.95,1592730.38,1.16,867823.41,0.63,3777525.46,2.39,1967972,1.25,0.54
rad13,NAQ,Nouvelle-Aquitaine,Mixte,s,200119.95,41718396.03,208.52,18176000.96,90.59,5693102.6,27.91,1730681.96,8.51,1585655.59,7.9,643161.55,3.2,1013471.98,5.32,373121.24,1.97,181966.64,0.98,79279.79,0.43,390216.97,1.6,190760.51,0.8,0.44
rad13,NOR,Normandie,Conifere,s,50103.64,13650013.74,276.93,4470747.64,90.42,1950317.06,40,428347.5,8.76,559234.05,11.42,182338.25,3.7,431830.48,9.54,135542.93,3,11306.29,0.27,3703.12,0.09,116097.28,1.61,43092.2,0.62,0.33
rad13,NOR,Normandie,Feuillu,s,329320.68,66160524.05,200.2,35436483.57,107.16,6886447.6,20.86,2219930.03,6.73,1823107.79,5.53,941605.85,2.85,918975.83,2.77,488259.54,1.47,179989.45,0.55,96404.82,0.29,724142.51,2.21,356941.49,1.09,0.54
rad13,NOR,Normandie,Mixte,s,25372.36,5565053.66,220.56,2415424.29,96.12,660815.58,26.18,211266.31,8.19,175597.12,6.82,72114.32,2.82,214899.84,6.71,69871.17,2.17,25487.33,0.76,11062.37,0.33,-64790.05,-0.65,-8819.23,0.32,0.43
rad13,OCC,Occitanie,Conifere,s,455112.23,100965266.1,222.78,34332200.46,75.7,12677256.63,28.07,3181698.97,7.05,3052748.82,6.77,1000790.93,2.22,1678845.85,4.22,532685.78,1.34,223622.3,0.59,76040.46,0.2,1150280.67,1.96,392064.68,0.68,0.34
rad13,OCC,Occitanie,Feuillu,s,1784666.58,229339951.01,128.54,136188534.93,76.31,43813465.26,24.51,17589641.49,9.84,5687187.71,3.19,3217269.99,1.81,1179522.8,0.74,632576.07,0.4,1219461.6,0.76,724150.71,0.45,3288203.31,1.69,1860543.21,0.96,0.59
rad13,OCC,Occitanie,Mixte,s,220135.1,38354048.47,173.52,16587136.36,75.07,6284019.57,28.47,1992416.41,8.99,1105018.16,5.02,453743.38,2.06,527828.12,2.63,189372.64,0.94,235588.46,1.19,101885.93,0.51,341601.57,1.21,162484.82,0.61,0.43
rad13,PAC,Provence-Alpes-Cote d'Azur,Conifere,s,525570.87,68250907.45,129.64,26907764.41,51.1,10176874.93,19.32,2839118.77,5.39,1505638.85,2.86,588358.53,1.12,449419.19,0.87,170191.67,0.33,273677.64,0.53,107896.79,0.21,782542.02,1.47,310270.07,0.58,0.39
rad13,PAC,Provence-Alpes-Cote d'Azur,Feuillu,s,532806.32,35309880.17,65.81,23829923.03,44.48,6767501.22,12.63,2845093.85,5.32,808374.91,1.51,522743.8,0.98,124052.69,0.24,84840.8,0.16,256938.01,0.5,173402.26,0.34,427384.21,0.77,264500.74,0.48,0.67
rad13,PAC,Provence-Alpes-Cote d'Azur,Mixte,s,300252.69,30832072.83,102.19,15233701.49,50.47,5533688.4,18.61,1835222.25,6.19,729573.17,2.44,346388.45,1.16,129009.04,0.52,62771.6,0.25,87498.32,0.33,43231.71,0.16,513065.81,1.59,240385.14,0.74,0.49
rad13,PDL,Pays de la Loire,Conifere,s,65014.8,14796065,228.32,5492307.47,84.64,1203458.44,19.1,305729.37,4.82,678051.07,10.41,241538.87,3.7,518252.99,8.1,186904.03,2.92,23544.27,0.38,8739.65,0.14,136253.8,1.93,45895.19,0.64,0.37
rad13,PDL,Pays de la Loire,Feuillu,s,272533.44,52444889.45,192.91,27284004.37,100.34,5483718.14,20.08,1878887.85,6.86,1623767.21,5.97,827802.2,3.04,548459.09,2.16,274608.62,1.08,159858.72,0.63,83165.13,0.33,915449.4,3.17,470028.45,1.63,0.52
rad13,PDL,Pays de la Loire,Mixte,s,22051.79,5508509.29,250.87,2326209.8,107.16,523654.18,20.09,151140.68,5.9,210156.57,9.2,86195.89,3.79,168574.74,6.92,67174.37,2.79,18458.12,0.67,7794.75,0.28,23123.71,1.61,11226.77,0.72,0.42
rad13,ARA,Auvergne-Rhone-Alpes,total hors peupleraie hors indetermine,s,2302613.24,531311409.93,230.75,220626781.99,95.82,89015862.33,38.62,26715674.81,11.59,14187798.35,6.17,5589509.97,2.43,7558164.7,3.33,2656489.74,1.17,3565989.47,1.58,1480775.24,0.65,3063644.18,1.26,1452244.99,0.6,0.42
rad13,BFC,Bourgogne-Franche-Comte,total hors peupleraie hors indetermine,s,1654137.15,370161539.44,223.76,171678145.19,103.78,53971544.81,32.62,17525744.8,10.59,9906349.73,5.99,4335189.97,2.62,9008091.7,5.48,3461904.86,2.11,2991547.18,1.81,1387457.14,0.84,-2093289.16,-1.3,-514172.03,-0.33,0.46
rad13,BRE,Bretagne,total hors peupleraie hors indetermine,s,408774.93,75897232.84,185.34,38095460.55,93.11,10740909.7,26.35,3563996.8,8.74,2642886.11,6.47,1216178.12,2.98,1265804.22,3.34,473066.24,1.25,297759.1,0.78,149455.65,0.39,1079322.79,2.35,593656.23,1.33,0.5
rad13,COR,Corse,total hors peupleraie hors indetermine,s,390634.78,46622140.52,119.28,30736336.77,78.65,9949999.48,25.8,3876993.09,10.04,976405.07,2.5,622115.94,1.59,108320.75,0.29,69789.46,0.19,180623.43,0.51,119078.67,0.34,687460.89,1.69,433247.82,1.06,0.66
rad13,CVL,Centre-Val de Loire,total hors peupleraie hors indetermine,s,968768.34,189338238.14,195.29,92108527.42,95.01,24799826.14,25.57,8362192.79,8.62,5299544.87,5.48,2500178.72,2.59,2503681.74,2.76,1190160.09,1.31,1250358.28,1.38,608269.42,0.67,1545504.85,1.34,701749.22,0.61,0.49
rad13,GES,Grand Est,total hors peupleraie hors indetermine,s,1874143.86,408651572.33,218.07,187701998.53,100.16,65911120.51,35.17,20220863.15,10.79,11615171.32,6.21,5144397.32,2.75,9106350,5.01,3763426.44,2.07,2747038.91,1.51,1261770.98,0.69,-238217.59,-0.3,119199.9,-0.01,0.46
rad13,HDF,Hauts-de-France,total hors peupleraie hors indetermine,s,427043.2,84826100.61,198.82,42973822.72,100.73,10697549.78,25.03,3494720.05,8.18,2471225.7,5.81,1197401.04,2.82,1659569.59,4.1,794068.62,1.96,396184.48,0.98,200711.36,0.5,415471.63,0.74,202621.07,0.36,0.51
rad13,IDF,Ile-de-France,total hors peupleraie hors indetermine,s,259922.12,54294968.63,209.23,27073040.43,104.4,8239417.39,31.07,2851118.37,10.75,1333006.88,5.11,644304.22,2.47,552655.09,2.17,268221.26,1.05,320904.94,1.28,160012.48,0.64,459446.85,1.66,216070.48,0.78,0.5
rad13,NAQ,Nouvelle-Aquitaine,total hors peupleraie hors indetermine,s,2475216.8,420421649.13,169.73,201549591.18,81.37,67066980.85,27.08,21539668.95,8.7,19007335.75,7.7,8244721.08,3.34,10655372.36,4.61,4163118.1,1.8,1990831.8,0.86,954402.17,0.41,6361131.6,2.22,3127200.8,1.12,0.48
rad13,NOR,Normandie,total hors peupleraie hors indetermine,s,404796.68,85375591.45,210.45,42322655.5,104.27,9497580.24,23.46,2877901.89,7.11,2557938.96,6.32,1196058.41,2.95,1565706.16,3.9,693673.64,1.73,216783.07,0.54,107464.38,0.27,775449.74,1.87,394920.39,0.96,0.5
rad13,OCC,Occitanie,total hors peupleraie hors indetermine,s,2459913.92,368659265.58,149.79,187107871.74,76.03,62774741.46,25.47,22131779.76,8.98,9844954.69,4.02,4671804.3,1.9,3386196.76,1.55,1354634.49,0.62,1678672.37,0.77,851986.76,0.39,4780085.55,1.7,2465183.05,0.9,0.51
rad13,PAC,Provence-Alpes-Cote d'Azur,total hors peupleraie hors indetermine,s,1358629.88,134392860.45,98.93,65971388.93,48.56,22478064.54,16.54,7422788.01,5.46,3043586.93,2.24,1457490.78,1.07,702480.91,0.55,317804.07,0.25,618113.97,0.48,303422.64,0.24,1722992.04,1.22,836264.06,0.59,0.49
rad13,PDL,Pays de la Loire,total hors peupleraie hors indetermine,s,359600.03,72749463.74,202.31,35102521.64,97.6,7210830.76,20,2308418.51,6.4,2511974.85,6.99,1155536.96,3.22,1235286.83,3.57,528687.03,1.53,201861.11,0.59,97400.5,0.28,1074826.91,2.83,529449.44,1.4,0.48
bassin_populicole,Nord,Nord,Peupleraie,s,32458.68,7218296.26,223.74,2165689.42,67.09,642991.74,19.75,142563.1,4.38,511163.35,15.41,147936.58,4.47,361737.24,9.63,103030.03,2.74,55866.55,1.58,16761.52,0.47,93559.56,4.21,28145.03,1.26,0.3
bassin_populicole,Nord-Est,Nord-Est,Peupleraie,n.s,NA,NA,NA,NA,NA,NA,NA,NA,NA,NA,NA,NA,NA,NA,NA,NA,NA,NA,NA,NA,NA,NA,NA,NA,NA,NA
bassin_populicole,Nord-Ouest,Nord-Ouest,Peupleraie,s,27173.67,5997782.81,214.99,1945306.11,69.55,903138.47,34.79,226739.58,8.85,451382.95,15.65,132048.41,4.57,668653.08,15.84,185874.34,4.39,93391.96,2.1,30290.52,0.68,-310662.09,-2.29,-84116.45,-0.5,0.32
bassin_populicole,Sud,Sud,Peupleraie,s,33684.93,6098931.78,176.5,1809753.76,52.22,705992.28,20.76,142084.86,4.17,672504.78,20,185905.33,5.52,814170.51,24.82,218378.57,6.66,39538.34,1.26,11732.33,0.37,-181204.07,-6.08,-44205.56,-1.51,0.3
France,France,France,Conifere,s,3121609.19,724096358.26,231.94,242155432.88,77.56,81608606.92,26.12,20268849.41,6.49,27561203.86,8.85,9216566.62,2.96,22981898.86,7.56,7250989.63,2.39,2825178.65,0.93,944808.45,0.31,1754126.36,0.35,1020768.54,0.26,0.33
France,France,France,Feuillu,s,10355956.13,1732613624.88,167.28,942758695.11,91.02,296058801.53,28.55,106392828.96,10.26,46295096.13,4.48,24262165.65,2.35,19478719.72,2,10064397.06,1.03,10494527.81,1.08,5710336.8,0.59,16321848.61,1.4,8487431.78,0.73,0.54
France,France,France,Mixte,s,1866629.59,385992049.67,206.73,158134014.61,84.68,64687019.54,34.68,18905447.91,10.14,11541879.22,6.19,4496154.57,2.41,6847062.23,3.77,2419657.35,1.33,3136961.65,1.72,1285156.88,0.7,1557855.33,0.7,791340.34,0.37,0.41
France,France,France,Peupleraie,s,116921.89,24269019.88,207.38,7427411.52,63.39,3023478.81,25.42,689212.49,5.8,2081344.68,17.39,593194.47,4.96,2273676.24,16.69,626323.65,4.6,232125.74,1.65,71040.91,0.5,-424457.3,-0.95,-104170.09,-0.14,0.31
France,France,France,total hors peupleraie hors indetermine,s,15344194.92,2842702032.81,185.25,1343048142.6,87.52,442354427.98,28.8,143143919.8,9.32,85398179.21,5.58,37974886.84,2.48,49307680.81,3.38,19735044.04,1.35,16456668.11,1.13,7775031.39,0.53,19633830.3,1.07,10464811.41,0.59,0.47
France,France,France,total avec peupleraie hors indetermine,s,15461116.81,2866971052.69,185.42,1350475554.12,87.34,445377906.79,28.78,143787927.94,9.29,87479523.89,5.67,38568081.31,2.5,51581357.05,3.5,20361367.69,1.38,16688793.84,1.13,7861191.38,0.53,19209373,1.03,10345522.24,0.58,0.47
France,France,France,total avec peupleuraie avec indetermine,s,16591217.09,2872082099.89,173.1,1353362542.74,81.56,459708781.24,27.69,147665635.57,8.89,87770110.41,5.3,38727207.58,2.34,51728084.75,3.26,20427125.97,1.29,16736793.21,1.05,7886595.24,0.5,19305232.44,0.99,10413486.37,0.56,0.47
